Компания,Категория,Название товара,Цена,Скидочная Цена,Объем,Единицы Измерения
АЛТАЙСТРОЙДЕТАЛЬ,Технические газы,"КИСЛОРОД газообразный технический ГОСТ 5583-78, 1сорт",45.0,,,м3
АЛТАЙСТРОЙДЕТАЛЬ,Медицинские газы,Кислород газообразный медицинский ФСП ЛП-001553,115.38,,,м3
АЛТАЙСТРОЙДЕТАЛЬ,Особо чистые газы,"Кислород особой чистоты 99,99%",2000.0,,,баллон
АЛТАЙСТРОЙДЕТАЛЬ,Газовые смеси пищевые,Азот / Двуокись углерода,183.33,,,м3
АЛТАЙСТРОЙДЕТАЛЬ,Технические газы,Кислород жидкий технический ГОСТ 6331-78,,,,
АЛТАЙСТРОЙДЕТАЛЬ,Медицинские газы,Кислород жидкий медицинский ФСП ЛП-001553,,,,
АЛТАЙСТРОЙДЕТАЛЬ,Технические газы,"Двуокись углерода ГОСТ 8050-85, высший сорт",48.0,,,кг
АЛТАЙСТРОЙДЕТАЛЬ,Медицинские газы,Жидкий азот,80.0,,,кг
АЛТАЙСТРОЙДЕТАЛЬ,Особо чистые газы,"Азот газообразный особой чистоты (99,999%)",,,,
АЛТАЙСТРОЙДЕТАЛЬ,Технические газы,Азот газообразный технический ГОСТ 9293-74,58.33,,,м3
АЛТАЙСТРОЙДЕТАЛЬ,Особо чистые газы,"Аргон газообразный особо чистый (99,999%)",,,,
АЛТАЙСТРОЙДЕТАЛЬ,Технические газы,Азот жидкий технический ГОСТ 9293-74,80.0,,,кг
АЛТАЙСТРОЙДЕТАЛЬ,Технические газы,Пропан-бутановая смесь,85.0,,,кг
АЛТАЙСТРОЙДЕТАЛЬ,Технические газы,"Аргон газообразный ГОСТ 10157-2016, высший сорт (>99,993%)",1400.0,,,баллон
АЛТАЙСТРОЙДЕТАЛЬ,Технические газы,Аргон жидкий ГОСТ 10157-2016,,,,
АЛТАЙСТРОЙДЕТАЛЬ,Технические газы,Ацетилен марки Б,1588.0,,,кг
АЛТАЙСТРОЙДЕТАЛЬ,Технические газы,"Гелий марки А (99,995%) ТУ 0271-135-31323949-2005",19000.0,,,баллон
АЛТАЙСТРОЙДЕТАЛЬ,Технические газы,"Гелий марки Б (99,99%) ТУ 0271-135-31323949-2005",,,,
АЛТАЙСТРОЙДЕТАЛЬ,Технические газы,Газовые смеси сварочные,1350.0,,,баллон
АЛТАЙСТРОЙДЕТАЛЬ,Технические газы,Сухой лед,160.0,,,кг
КЕСТО,Конструкционное склеивание,Kesto Masa Pro,,,0.6,литр
КЕСТО,Ламинация плит полимерными пленками,AKVAPUR SM 3000,,,,
КЕСТО,Деревообрабатывающая промышленность,Kestopur 1C 10H,,,[1000.0],кг
КЕСТО,Ламинация картона полимерными пленками,Sitol 2189-R,,,"[15.0, 30.0, 50.0, 1000.0]",кг
КЕСТО,Ламинация картона полимерными пленками,Sitol 5012/43,,,"[15.0, 50.0, 1000.0]",кг
КЕСТО,Вклейка окошек,Sitol 2085-R,,,"[15.0, 30.0, 50.0, 1000.0]",кг
КЕСТО,Ламинация картона полимерными пленками,Sitol 1100 R,,,"[15.0, 50.0, 1000.0]",кг
КЕСТО,Ламинация картона полимерными пленками,Sitol 2390-R,,,"[15.0, 30.0, 50.0, 1000.0]",кг
КЕСТО,Ламинация картона полимерными пленками,Sitol 2185-R,,,"[15.0, 30.0, 50.0, 1000.0]",кг
КЕСТО,Ламинация картона полимерными пленками,Sitol 7000-R,,,"[15.0, 30.0, 1000.0]",кг
КЕСТО,Каширование,Kestomer VPH-R,,,"[15.0, 30.0, 50.0, 1000.0]",кг
КЕСТО,Каширование,Kestomer VPV/S-R,,,"[50.0, 1000.0]",кг
КЕСТО,Каширование,Sitol 4173-R,,,"[15.0, 30.0, 50.0, 1000.0]",кг
КЕСТО,Каширование,Sitol 4181,,,"[15.0, 50.0, 1000.0]",кг
КЕСТО,Каширование,Sitol 4173/HV-R,,,"[15.0, 50.0, 1000.0]",кг
КЕСТО,Каширование,Sitol-4170-R,,,"[15.0, 50.0]",кг
КЕСТО,Каширование,Kestomer VPV-R,,,"[15.0, 30.0, 50.0, 1000.0]",кг
КЕСТО,Дополнительные средства для ухода за плиткой и швами,Kesto Seal,,,"[0.0, 5.0]",
КЕСТО,Производство сэндвич-панелей для автофургонов и спецтехники,Kestopur 200/S,,,,
КЕСТО,Гибридные герметики,Kesto Masa,,,0.31,литр
КЕСТО,Производство промышленных фильтров,Kestopur 600/3,,,"[24.0, 1000.0]",
КЕСТО,Производство промышленных фильтров,Kestopur 600/15,,,"[5.0, 10.0, 300.0]",литр
КЕСТО,Производство промышленных фильтров,Kestopur 600/6,,,[300.0],кг
КЕСТО,Клеи паркетные и специальные,Kesto 2 Plus,,,"[1.0, 4.0, 4.0, 13.0, 18.0, 1.0, 4.0, 4.0, 13.0, 18.0]",
КЕСТО,Клеи паркетные и специальные,Kesto LVT Plus,,,"[4.0, 13.0, 4.0, 13.0]",кг
КЕСТО,Клеи паркетные и специальные,Kesto Plus,,,"[1.0, 4.0, 4.0, 13.0, 18.0, 1.0, 4.0, 4.0, 13.0, 18.0]",
КЕСТО,Шпаклевки,Kesto LH,,,"[20.0, 20.0]",кг
КЕСТО,Кладочно-клеевые растворы,Kesto Eco Block,,,"[25.0, 25.0]",кг
КЕСТО,Универсальные ПВА клеи,Kesto PVA D3,,,"[0.0, 5.0, 1.0, 3.0, 0.0, 5.0, 1.0, 3.0, 15.0, 1000.0]",
КЕСТО,Универсальные ПВА клеи,Kesto PVA Profi,,,"[0.0, 5.0, 1.0, 3.0, 15.0, 0.0, 5.0, 1.0, 3.0, 15.0]",
КЕСТО,Затирки,Kesto Saumalaasti,,,[1.0],
КЕСТО,Наливные полы,Kesto Multi Floor,,,"[20.0, 20.0]",кг
КЕСТО,Гидроизоляционные мастики,Kesto Fiberpool,,,"[7.0, 14.0, 7.0, 14.0]",кг
КЕСТО,Наливные полы,Kesto Opti Floor,,,"[25.0, 25.0]",кг
КЕСТО,Упрочняющие ленты,Kesto Keragum,,,[5.0],м2
КЕСТО,Клеи для обоев,Kesto Master Deco,,,"[3.0, 10.0, 3.0, 10.0]",кг
КЕСТО,Гидроизоляционные мастики,Kesto Fiberlast,,,"[3.0, 7.0, 15.0, 3.0, 7.0, 15.0]",кг
КЕСТО,Гидроизоляционные праймеры,Kesto Fiberpool Primer,,,"[1.0, 5.0, 1.0, 5.0]",литр
КЕСТО,Плиточные клеи для влажных помещений,Kesto Fix,,,"[25.0, 25.0]",кг
КЕСТО,Плиточные клеи для влажных помещений,Kesto Pro Fix,,,"[25.0, 25.0]",кг
КЕСТО,Универсальные ПВА клеи,Kesto PVA D4,,,"[1.0, 3.0, 1.0, 3.0]",кг
КЕСТО,Клеи паркетные и специальные,Kesto Eco 2 K-PU,,,[6.0],кг
КЕСТО,Клеи паркетные и специальные,Kesto EcoStandard,,,"[18.0, 18.0]",кг
КЕСТО,Силиконовые герметики,Kesto Silicone,,,[310.0],
КЕСТО,Акриловые герметики,Kesto ACRYL PRO,,,0.31,литр
КЕСТО,Акриловые герметики,Kesto ACRYL,,,0.31,литр
КЕСТО,Производство промышленных фильтров,Kestopur 400/4,,,"[15.0, 30.0, 1000.0]",кг
КЕСТО,Производство промышленных фильтров,Kestopur 400/2,,,"[15.0, 30.0, 1000.0]",кг
КЕСТО,Производство сэндвич-панелей для автофургонов и спецтехники,Kestopur PL240,,,"[24.0, 1500.0]",кг
КЕСТО,Производство сэндвич-панелей для автофургонов и спецтехники,Kestopur 200/90,,,"[15.0, 24.0, 1500.0]",кг
КЕСТО,Производство сэндвич-панелей для автофургонов и спецтехники,Kestopur 15-15,,,"[15.0, 30.0, 1000.0]",кг
КЕСТО,Производство сэндвич-панелей для автофургонов и спецтехники,Kestopur 200/50,,,"[15.0, 30.0, 1000.0]",кг
КЕСТО,Производство сэндвич-панелей для автофургонов и спецтехники,Kestopur 200/30,,,"[15.0, 30.0, 1000.0]",кг
КЕСТО,Склеивание массива древесины,Kestokol DS-R,,,"[15.0, 50.0, 1000.0]",литр
КЕСТО,Деревообрабатывающая промышленность,Kestokol DS/HV-R,,,,
КЕСТО,Склеивание массива древесины,Kestokol DM-R,,,"[15.0, 30.0, 50.0, 1000.0]",литр
КЕСТО,Деревообрабатывающая промышленность,Kesto Kestokol D4000 (PVA D4),,,"[1.0, 3.0, 15.0, 1000.0]",кг
КЕСТО,Деревообрабатывающая промышленность,Kestokol D300 (PVA D3),,,"[15.0, 1000.0]",кг
КЕСТО,Вся продукция,Kesto Master Flis,,,"[5.0, 5.0]",кг
КЕСТО,Дополнительные средства для ухода за плиткой и швами,Kesto Clean,,,"[0.0, 5.0]",
КЕСТО,Ламинация плит полимерными пленками,AKVAPUR SM 1000,,,,
КЕСТО,Плиточные клеи для влажных помещений,Kesto Premium Fix,,,"[25.0, 25.0]",кг
КЕСТО,Деревообрабатывающая промышленность,Kestokol D301,,,[15.0],кг
КЕСТО,Деревообрабатывающая промышленность,Kestokol D3,,,[15.0],кг
КЕСТО,Ламинация плит полимерными пленками,Kestofol PHL-R,,,,
КЕСТО,Клеи-расплавы,KESTOMELT S200,,,[25.0],кг
КЕСТО,Деревообрабатывающая промышленность,Kestokol DM/HV-R,,,,
КЕСТО,Ламинация плит полимерными пленками,Sitol 2340/В-R,,,"[15.0, 1000.0]",кг
КЕСТО,Гибридные герметики,Kesto ULTRA FIX,,,0.31,литр
КЕСТО,Клеи для обоев,Kesto Master Pro,,,"[3.0, 10.0, 10.0, 3.0]",кг
КЕСТО,Клеи паркетные и специальные,Kesto 2 K-PU,,,[6.0],кг
КЕСТО,Клей для искусственной травы,Kesto Eco 2K-PU Green,,,"[6.0, 11.0]",кг
КЕСТО,Клеи паркетные и специальные,Kesto Flex Silan,,,"[7.0, 16.0, 5.0, 7.0, 16.0, 5.0]",кг
КЕСТО,Грунтовки,Kesto Primer,,,"[1.0, 5.0, 10.0, 1.0, 5.0, 10.0]",кг
КЕСТО,Продукция для промышленности,Отвердитель Hardener M,,,,
КЕСТО,Дисперсионные клеи,Kestomer VPG-R,,,"[15.0, 30.0, 50.0, 1000.0]",кг
КЕСТО,Дисперсионные клеи,Kestomer VP-R,,,"[15.0, 30.0, 50.0, 1000.0]",кг
КЕСТО,Дисперсионные клеи,Sitol 4170/S-R,,,"[15.0, 30.0, 50.0, 1000.0]",кг
КЕСТО,Дисперсионные клеи,Sitol 4180-R,,,"[15.0, 30.0, 50.0, 1000.0]",кг
КЕСТО,Дисперсионные клеи,Kestomer VPS-R,,,"[15.0, 30.0, 50.0, 1000.0]",кг
КЕСТО,Ламинация плит полимерными пленками,Kestofol PH/P-R,,,"[15.0, 50.0, 1000.0]",литр
КЕСТО,Ламинация плит полимерными пленками,Kestofol PH-R,,,"[15.0, 50.0, 1000.0]",литр
КЕСТО,Праймеры,Kesto Light Primer,,,"[5.0, 10.0, 5.0, 10.0]",кг
КЕСТО,Склеивание массива древесины,Kestokol PVA Profi-R,,,"[15.0, 50.0, 1000.0]",литр
КЕСТО,Клеи паркетные и специальные,Kesto Carpet Fix,,,"[10.0, 5.0, 5.0, 10.0]",кг
КЕСТО,Упрочняющие ленты,Kesto Keraband,,,[1.0],м2
КЕСТО,Продукция для промышленности,Kestofol PH/LV-R,,,"[15.0, 50.0]",кг
КЕСТО,Клеи для напольных покрытий,Kesto Extra Plus,,,"[13.0, 18.0, 13.0, 18.0]",кг
КЕСТО,Клеи-расплавы для полиграфии,KESTOMELT K610,,,[20.0],кг
КЕСТО,Клеи-расплавы для полиграфии,KESTOMELT K608,,,[20.0],кг
КЕСТО,Деревообрабатывающая промышленность,Kestokol 330,,,[15.0],кг
КЕСТО,Упаковочная промышленность,Kestomer VP/LV-R,,,"[15.0, 30.0, 50.0, 1000.0]",кг
КЕСТО,Система для токопроводящих покрытий,Kesto Electric Plus,,,"[18.0, 18.0]",кг
КЕСТО,Упаковочная промышленность,Sitol 4176-R,,,"[15.0, 30.0, 50.0, 1000.0]",кг
КЕСТО,Упаковочная промышленность,Sitol 4176/UV-R,,,"[15.0, 30.0, 1000.0]",кг
КЕСТО,Упаковочная промышленность,Sitol 4171-R,,,"[15.0, 30.0, 50.0, 1000.0]",кг
КЕСТО,Деревообрабатывающая промышленность,Kestokol D300 HV,,,"[15.0, 1000.0]",кг
КЕСТО,Деревообрабатывающая промышленность,Kestokol M05,,,"[15.0, 50.0, 1000.0]",кг
КЕСТО,Деревообрабатывающая промышленность,Kestokol WR125,,,"[15.0, 1000.0]",кг
КЕСТО,Упаковочная промышленность,Kestomer VPE/UV-R,,,"[15.0, 1000.0]",кг
КЕСТО,Продукция для промышленности,Kestomer VPC-R,,,"[15.0, 30.0, 50.0, 1000.0]",кг
КЕСТО,Продукция для промышленности,Kestomer VТ-R,,,"[15.0, 1000.0]",кг
КЕСТО,Продукция для промышленности,Sitol 2062/UV-R,,,"[15.0, 1000.0]",кг
КЕСТО,Упаковочная промышленность,Sitol 4175-R,,,[15.0],кг
КЕСТО,Упаковочная промышленность,Sitol 4171/1-R,,,"[15.0, 1000.0]",кг
КЕСТО,Упаковочная промышленность,Sitol 4176/T-R,,,[1000.0],кг
КЕСТО,Упаковочная промышленность,Sitol 4310,,,[1000.0],кг
КЕСТО,Упаковочная промышленность,Sitol 4401,,,"[15.0, 1000.0]",кг
КЕСТО,Дисперсионные клеи,Sitol 3348-R,,,"[15.0, 50.0, 1000.0]",кг
КЕСТО,Деревообрабатывающая промышленность,Kestokol WR6040,,,[15.0],кг
КЕСТО,Система для токопроводящих покрытий,Kesto Electric Tape,,,,
КЕСТО,Система для токопроводящих покрытий,Kesto Electric Primer,,,,
КЕСТО,Штукатурки,Kesto TR,,,"[25.0, 25.0]",кг
КЕСТО,Штукатурки,Kesto Opti Gyps Light,,,"[30.0, 30.0]",кг
КЕСТО,Продукция для промышленности,Hardener C,,,,
КЕСТО,Упаковочная промышленность,Sitol 2072-R,,,[15.0],кг
КЕСТО,Упаковочная промышленность,Sitol 2063-R,,,"[15.0, 30.0]",кг
КЕСТО,Дисперсионные клеи,Sitol 2186-R,,,[1000.0],кг
КЕСТО,Продукция для промышленности,Sitol 2394-R,,,,
КЕСТО,Продукция для промышленности,Sitol 2395-R,,,,
КЕСТО,Продукция для промышленности,Sitol 2396-R,,,,
КЕСТО,Продукция для промышленности,Sitol 2397-R,,,,
КЕСТО,Продукция для промышленности,Kestomer VPE/А-R,,,"[15.0, 1000.0]",кг
КЕСТО,Продукция для промышленности,Sitol 2062/L-R,,,"[15.0, 1000.0]",кг
КЕСТО,Упаковочная промышленность,Sitol 8060-R,,,"[15.0, 1000.0]",кг
КЕСТО,Упаковочная промышленность,Sitol 8082/UV-R,,,"[15.0, 1000.0]",кг
КЕСТО,Упаковочная промышленность,Sitol 8085-R,,,"[15.0, 1000.0]",кг
КЕСТО,Упаковочная промышленность,Sitol 8085/UV-R,,,"[15.0, 1000.0]",кг
КЕСТО,Упаковочная промышленность,Sitol 8185-R,,,"[15.0, 1000.0]",кг
КЕСТО,Упаковочная промышленность,Sitol 8189-R,,,"[15.0, 1000.0]",кг
КЕСТО,Упаковочная промышленность,Sitol 8303-R,,,"[15.0, 1000.0]",кг
КЕСТО,Аксессуары,Kesto Шпатель зубчатый A2,,,,
КЕСТО,Аксессуары,Kesto Шпатель зубчатый B10,,,,
КЕСТО,Дисперсионные клеи,Sitol 2303-R,,,"[15.0, 30.0, 50.0, 1000.0]",кг
КЕСТО,Дисперсионные клеи,Sitol 2062-R,,,"[15.0, 30.0, 50.0, 1000.0]",кг
КЕСТО,Дисперсионные клеи,Sitol 4171-СR,,,"[15.0, 30.0, 50.0, 1000.0]",кг
КЕСТО,Дисперсионные клеи,Kestomer VPN/HV-R,,,"[15.0, 30.0, 50.0, 1000.0]",кг
КЕСТО,Дисперсионные клеи,Sitol 4171/TR,,,"[15.0, 30.0, 1000.0]",кг
КЕСТО,Дисперсионные клеи,Kestomer VPN-R,,,"[15.0, 30.0, 50.0, 1000.0]",кг
КЕСТО,Дисперсионные клеи,Sitol 2060-R,,,"[15.0, 30.0, 50.0, 1000.0]",кг
КЕСТО,Продукция для промышленности,Sitol 7010-R,,,"[15.0, 30.0, 50.0, 1000.0]",кг
КЕСТО,Дисперсионные клеи,Sitol 4170/HV-R,,,"[15.0, 30.0, 50.0, 1000.0]",кг
КЕСТО,Дисперсионные клеи,Sitol 3900-R,,,"[15.0, 50.0, 1000.0]",кг
КЕСТО,Дисперсионные клеи,Kestomer VPE-R,,,"[15.0, 30.0, 50.0, 1000.0]",кг
КЕСТО,Дисперсионные клеи,Sitol 4815-R,,,"[15.0, 30.0, 50.0, 1000.0]",кг
КЕСТО,Дисперсионные клеи,Sitol 4172-R,,,"[15.0, 30.0, 50.0, 1000.0]",кг
КЕСТО,Дисперсионные клеи,Sitol 4180/S-R,,,"[15.0, 30.0, 50.0, 1000.0]",кг
КЕСТО,Дисперсионные клеи,Sitol 4171/M-R,,,"[15.0, 30.0, 50.0, 1000.0]",кг
КЕСТО,Дисперсионные клеи,Sitol 4171/LV-R,,,"[15.0, 30.0, 50.0, 1000.0]",кг
КЕСТО,Наливные полы,Kesto Finish,,,"[20.0, 20.0]",кг
КЕСТО,Кладочно-клеевые растворы,Kesto Eco Block Winter,,,[25.0],кг
КЕСТО,Штукатурки,Kesto TF,,,"[25.0, 25.0]",кг
КЕСТО,Штукатурки,Kesto TT,,,[25.0],кг
КРИО_СЕРВИС,,Ацетилен растворённый в баллонах,4500.0,,[40.0],литр
КРИО_СЕРВИС,,Пропан-бутановая смесь в баллонах,1700.0,,[50.0],литр
КРИО_СЕРВИС,,Кислород технический в баллонах,1000.0,,[40.0],литр
КРИО_СЕРВИС,,Углекислота (двуоксись углерода) в баллонах,1500.0,,[40.0],литр
КРИО_СЕРВИС,,Смесь сварочная ArCO2 80/20 в баллонах,2300.0,,[40.0],литр
КРИО_СЕРВИС,,Аргон в/ч в баллонах,2300.0,,[40.0],литр
КРИО_СЕРВИС,,Азот в/ч в баллонах,1200.0,,[40.0],литр
КРИО_СЕРВИС,,Гелий (м.Б.) в баллонах,30000.0,,[40.0],литр
КРИО_СЕРВИС,,Ацетилен растворённый в баллонах Unitor,5500.0,,[40.0],литр
КРИО_СЕРВИС,,Кислород технический в баллонах Unitor,2600.0,,[40.0],литр
КРИО_СЕРВИС,,Азот в/ч в баллонах Unitor,3000.0,,[40.0],литр
КРИО_СЕРВИС,,Пищевую смесь N2CO2 в баллонах,3000.0,,,литр
КРИО_СЕРВИС,,Ацетилен марки А в баллонах,30000.0,,[40.0],литр
КРИО_СЕРВИС,,Ацетилен растворённый в баллонах,3500.0,,"[1.0, 2.0, 3.0, 4.0, 5.0, 6.0, 7.0, 8.0, 9.0, 10.0]",литр
КРИО_СЕРВИС,,Аргон в баллонах,1500.0,,"[5.0, 6.0, 7.0, 8.0, 9.0, 10.0]",литр
КРИО_СЕРВИС,,Кислород технический в баллонах,500.0,,"[1.0, 2.0, 3.0, 4.0, 5.0, 6.0, 7.0, 8.0, 9.0, 10.0]",литр
КРИО_СЕРВИС,,Азот в баллонах,1000.0,,"[1.0, 2.0, 3.0, 4.0, 5.0, 6.0, 7.0, 8.0, 9.0, 10.0, 11.0, 12.0, 13.0, 14.0, 15.0, 16.0, 17.0, 18.0, 19.0, 20.0]",литр
КРИО_СЕРВИС,,Углекислота (двуокись углерода) в баллонах,1000.0,,"[10.0, 11.0, 12.0, 13.0, 14.0, 15.0, 16.0, 17.0, 18.0, 19.0, 20.0, 21.0, 22.0, 23.0, 24.0, 25.0, 26.0, 27.0, 28.0, 29.0, 30.0]",литр
КРИО_СЕРВИС,,Баллон ацетиленовый,5900.0,,[40.0],литр
КРИО_СЕРВИС,,Баллон ацетиленовый малой ёмкости,9900.0,,"[5.0, 10.0]",литр
КРИО_СЕРВИС,,Баллон гелиевый,12000.0,,[40.0],литр
КРИО_СЕРВИС,,Баллон гелиевый малой ёмкости,6500.0,,"[5.0, 10.0]",литр
КРИО_СЕРВИС,,Баллон кислородный,9800.0,,[40.0],литр
КРИО_СЕРВИС,,Баллон кислородный малой ёмкости,4600.0,,"[1.0, 3.0, 2.0, 3.0, 4.0, 5.0, 10.0, 12.0]",литр
КРИО_СЕРВИС,,Баллон углекислотный,9800.0,,[40.0],литр
КРИО_СЕРВИС,,Баллон углекислотный малой ёмкости,5500.0,,"[10.0, 20.0, 30.0]",литр
КРИО_СЕРВИС,,Баллон аргоновый / сварочная смесь,9800.0,,[40.0],литр
КРИО_СЕРВИС,,Баллон аргоновый малой ёмкости / сварочная смесь,5500.0,,"[5.0, 10.0]",литр
КРИО_СЕРВИС,,Баллон азотный,9800.0,,[40.0],литр
КРИО_СЕРВИС,,Баллон пропановый «новый»,5500.0,,[50.0],литр
КРЫМСКАЯ-РОЗА,Косметика для лица,Масло-концентрат для интенсивного омоложения с эфирным маслом розы,1699.0,,[0.03],литр
КРЫМСКАЯ-РОЗА,Косметика для лица,"Гель для умывания на основе гидролата розы для эффективного очищения, 200 мл",799.0,,[0.2],литр
КРЫМСКАЯ-РОЗА,Косметика для лица,Восстанавливающий крем на основе гидролата розы для комплексного омоложения,1399.0,,[0.05],литр
КРЫМСКАЯ-РОЗА,Косметика для лица,"Гидролат розы для сохранения красоты, 200 мл",899.0,,[0.2],литр
КРЫМСКАЯ-РОЗА,Косметика для лица,"Масло-концентрат для лица с маслом розы, 15 мл",999.0,,[0.015],литр
КРЫМСКАЯ-РОЗА,Косметика для лица,Увлажняющий крем на основе гидролата розы для нормальной и комбинированной кожи,899.0,,[0.05],литр
КРЫМСКАЯ-РОЗА,Косметика для лица,Ультрапитательный крем на основе гидролата розы для сухой и очень сухой кожи,1499.0,,[0.1],литр
КРЫМСКАЯ-РОЗА,Косметика для лица,"Маска глубокоочищающая с экстрактом грязи Сакского озера 1 шт., 25 мл",149.0,,[0.025],литр
КРЫМСКАЯ-РОЗА,Косметика для лица,Маска глубокоочищающая с экстрактом грязи Сакского озера 10 шт. по 25 мл,1299.0,,[0.25],литр
КРЫМСКАЯ-РОЗА,Косметика для лица,Бальзам для губ питательный,249.0,,,
КРЫМСКАЯ-РОЗА,Косметика для лица,Крем для век омолаживающий с экстрактом лаванды,1499.0,,[0.025],литр
КРЫМСКАЯ-РОЗА,Косметика для лица,Крем для век увлажняющий с экстрактом лаванды,1499.0,,[0.025],литр
КРЫМСКАЯ-РОЗА,Косметика для лица,Бальзам для губ увлажняющий,249.0,,,
КРЫМСКАЯ-РОЗА,Косметика для лица,Тканевая маска-бустер увлажняющая с лавандой и розой,205.0,,[0.02],литр
КРЫМСКАЯ-РОЗА,Косметика для лица,Тканевая детокс-маска  на основе гидролата розы,205.0,,[0.02],литр
КРЫМСКАЯ-РОЗА,Косметика для лица,Тканевая маска-филлер омолаживающая с лавандой и розой,205.0,,[0.02],литр
КРЫМСКАЯ-РОЗА,Косметика для лица,Тканевая лифтинг-маска на основе гидролата розы,205.0,,[0.02],литр
КРЫМСКАЯ-РОЗА,Косметика для лица,Тканевая маска-бустер питательная  на основе гидролата розы,205.0,,[0.02],литр
КРЫМСКАЯ-РОЗА,Косметика для лица,Тканевая маска-бустер обновляющая с лавандой и розой,205.0,,[0.02],литр
КРЫМСКАЯ-РОЗА,Косметика для лица,Матирующий крем на основе гидролата розы от несовершенств кожи,1200.0,,[0.05],литр
КРЫМСКАЯ-РОЗА,Косметика для лица,Лифтинг-сыворотка на основе гидролата розы для комплексного омоложения,1399.0,,[0.03],литр
КРЫМСКАЯ-РОЗА,Косметика для лица,Лифтинг-маска на основе гидролата розы для комплексного омоложения,899.0,,[0.1],литр
КРЫМСКАЯ-РОЗА,Косметика для лица,Антиоксидантный крем на основе гидролата розы для борьбы с последствиями стресса,1399.0,,[0.05],литр
КРЫМСКАЯ-РОЗА,Косметика для лица,Питательный крем на основе гидролата розы для нормальной и склонной к сухости кожи,899.0,,[0.05],литр
КРЫМСКАЯ-РОЗА,Косметика для лица,Регенерирующий крем на основе гидролата розы для реактивной кожи,1399.0,,[0.05],литр
КРЫМСКАЯ-РОЗА,Косметика для лица,"Обновляющий тоник на основе гидролата розы для сияния кожи, 200 мл",899.0,,[0.2],литр
КРЫМСКАЯ-РОЗА,Косметика для лица,Успокаивающая сыворотка на основе гидролата розы для восстановления повреждений кожи,1399.0,,[0.03],литр
КРЫМСКАЯ-РОЗА,Косметика для лица,Отбеливающий крем на основе гидролата розы для ровного цвета лица,1399.0,,[0.05],литр
КРЫМСКАЯ-РОЗА,Косметика для лица,"Увлажняющий тонер на основе гидролата розы для восстановления pH кожи, 100 мл",649.0,,[0.1],литр
КРЫМСКАЯ-РОЗА,Косметика для лица,Кремовый эксфолиант на основе гидролата розы для гладкости кожи,899.0,,[0.075],литр
КРЫМСКАЯ-РОЗА,Косметика для лица,"Мицеллярная вода на основе гидролата розы для быстрого очищения без воды, 200 мл",799.0,,[0.2],литр
КРЫМСКАЯ-РОЗА,Косметика для лица,"Увлажняющий тонер на основе гидролата розы для восстановления pH кожи, 200 мл",899.0,,[0.2],литр
КРЫМСКАЯ-РОЗА,Косметика для лица,Крем для век против темных кругов на основе гидролата розы,1499.0,,[0.025],литр
КРЫМСКАЯ-РОЗА,Косметика для лица,"Увлажняющая маска на основе гидролата розы для интенсивного восстановления, 50 мл",569.0,,[0.05],литр
КРЫМСКАЯ-РОЗА,Косметика для лица,Увлажняющая маска на основе гидролата розы для интенсивного восстановления,899.0,,[0.1],литр
КРЫМСКАЯ-РОЗА,Косметика для лица,Гиалуроновый концентрат на основе гидролата розы для глубокого увлажнения,1449.0,,[0.03],литр
КРЫМСКАЯ-РОЗА,Косметика для лица,"Лифтинг-маска на основе гидролата розы для комплексного омоложения, 50 мл",569.0,,[0.05],литр
КРЫМСКАЯ-РОЗА,Косметика для лица,Крем для век интенсивный на основе гидролата розы для комплексного омоложения,1499.0,,[0.025],литр
КРЫМСКАЯ-РОЗА,Косметика для лица,Детокс-сыворотка на основе гидролата розы для борьбы с последствиями стресса,1399.0,,[0.03],литр
КРЫМСКАЯ-РОЗА,Косметика для лица,Пенка для умывания на основе гидролата розы для деликатного очищения,799.0,,[0.15],литр
КРЫМСКАЯ-РОЗА,Косметика для лица,"Обновляющий тоник на основе гидролата розы для сияния кожи, 100 мл",649.0,,[0.1],литр
КРЫМСКАЯ-РОЗА,Косметика для лица,Средство для интенсивного восстановления на основе гидролата розы для борьбы с последствиями стресса,899.0,,[0.05],литр
КРЫМСКАЯ-РОЗА,Косметика для лица,Отбеливающий тоник на основе гидролата розы для ровного цвета лица,899.0,,[0.2],литр
КРЫМСКАЯ-РОЗА,Косметика для лица,AHA-пилинг на основе гидролата розы для сияния кожи,1499.0,,[0.03],литр
КРЫМСКАЯ-РОЗА,Косметика для лица,Матирующий мист на основе гидролата розы от несовершенств кожи,799.0,,[0.2],литр
КРЫМСКАЯ-РОЗА,Косметика для лица,Жидкие патчи под глаза на основе гидролата розы против отеков,1449.0,,[0.03],литр
КРЫМСКАЯ-РОЗА,Косметика для лица,"Молочко для снятия макияжа на основе гидролата розы для мягкого очищения без воды, 200мл",799.0,,[0.2],литр
КРЫМСКАЯ-РОЗА,Косметика для лица,"Мицеллярная вода на основе гидролата розы для быстрого очищения без воды, 100 мл",579.0,,[0.1],литр
КРЫМСКАЯ-РОЗА,Косметика для лица,Гоммаж на основе гидролата розы для обновления кожи,899.0,,[0.075],литр
КРЫМСКАЯ-РОЗА,Косметика для лица,"Гидролат розы для сохранения красоты, 100 мл",689.0,,[0.1],литр
КРЫМСКАЯ-РОЗА,Косметика для лица,"Гель для умывания на основе гидролата розы для эффективного очищения, 100 мл",579.0,,[0.1],литр
КРЫМСКАЯ-РОЗА,Косметика для лица,"Гель для умывания на основе гидролата розы, 30 мл",179.0,,[0.03],литр
КРЫМСКАЯ-РОЗА,Косметика для лица,"Обновляющий тоник на основе гидролата розы, 30 мл",195.0,,[0.03],литр
КРЫМСКАЯ-РОЗА,Косметика для лица,"Тоник для лица увлажняющий с экстрактом лаванды, 30 мл",195.0,,[0.03],литр
КРЫМСКАЯ-РОЗА,Косметика для лица,"Мицеллярная вода для лица освежающая с экстрактом лаванды, 30 мл",179.0,,[0.03],литр
КРЫМСКАЯ-РОЗА,Косметика для лица,Крем дневной с экстрактом грязи Сакского озера,1399.0,,[0.05],литр
КРЫМСКАЯ-РОЗА,Косметика для лица,"Гидролат розы  с экстрактом грязи Сакского озера, 200 мл",899.0,,[0.2],литр
КРЫМСКАЯ-РОЗА,Косметика для лица,Эксфолиант выравнивающий с экстрактом грязи Сакского озера,899.0,,[0.1],литр
КРЫМСКАЯ-РОЗА,Косметика для лица,Крем восстанавливающий с экстрактом грязи Сакского озера,1399.0,,[0.05],литр
КРЫМСКАЯ-РОЗА,Косметика для лица,"Гидролат розы  с экстрактом грязи Сакского озера, 100 мл",689.0,,[0.1],литр
КРЫМСКАЯ-РОЗА,Косметика для лица,Маска глубокоочищающая с грязью Сакского озера,899.0,,[0.1],литр
КРЫМСКАЯ-РОЗА,Косметика для лица,Маска успокаивающая с экстрактом грязи Сакского озера,899.0,,[0.1],литр
КРЫМСКАЯ-РОЗА,Косметика для лица,Маска-пилинг восстанавливающая с экстрактом грязи Сакского озера,899.0,,[0.1],литр
КРЫМСКАЯ-РОЗА,Косметика для лица,Пенка для умывания. Деликатная. Очищение кожи.,799.0,,[0.15],литр
КРЫМСКАЯ-РОЗА,Косметика для лица,"Тоник восстанавливающий  с экстрактом грязи Сакского озера, 100 мл",649.0,,[0.1],литр
КРЫМСКАЯ-РОЗА,Косметика для лица,Крем-корректор интенсивный с экстрактом грязи Сакского озера для локального нанесения,899.0,,[0.015],литр
КРЫМСКАЯ-РОЗА,Косметика для лица,"Тоник успокаивающий с экстрактом грязи Сакского озера, 200 мл",899.0,,[0.2],литр
КРЫМСКАЯ-РОЗА,Косметика для лица,"Тоник восстанавливающий  с экстрактом грязи Сакского озера, 200 мл",899.0,,[0.2],литр
КРЫМСКАЯ-РОЗА,Косметика для лица,Бальзам ночной с экстрактом грязи Сакского озера,1399.0,,[0.1],литр
КРЫМСКАЯ-РОЗА,Косметика для лица,"Тоник успокаивающий с экстрактом грязи Сакского озера, 100 мл",649.0,,[0.1],литр
КРЫМСКАЯ-РОЗА,Косметика для лица,"Тоник для лица увлажняющий с экстрактом лаванды, 200 мл",889.0,,[0.2],литр
КРЫМСКАЯ-РОЗА,Косметика для лица,"Тоник для лица увлажняющий с экстрактом лаванды, 100 мл",649.0,,[0.1],литр
КРЫМСКАЯ-РОЗА,Косметика для лица,"Тоник для лица балансирующий с экстрактом лаванды, 200 мл",899.0,,[0.2],литр
КРЫМСКАЯ-РОЗА,Косметика для лица,"Тоник для лица балансирующий с экстрактом лаванды, 100 мл",649.0,,[0.1],литр
КРЫМСКАЯ-РОЗА,Косметика для лица,Сыворотка омолаживающая для лица с экстрактом лаванды,1399.0,,[0.03],литр
КРЫМСКАЯ-РОЗА,Косметика для лица,Сыворотка балансирующая для лица с экстрактом лаванды,1399.0,,[0.03],литр
КРЫМСКАЯ-РОЗА,Косметика для лица,"Мицеллярная вода для лица освежающая с экстрактом лаванды, 200 мл",799.0,,[0.2],литр
КРЫМСКАЯ-РОЗА,Косметика для лица,"Мицеллярная вода для лица освежающая с экстрактом лаванды, 100 мл",579.0,,[0.1],литр
КРЫМСКАЯ-РОЗА,Косметика для лица,Масло питательное для лица с лавандой и розой,1499.0,,[0.03],литр
КРЫМСКАЯ-РОЗА,Косметика для лица,Маска для лица увлажняющая с экстрактом лаванды,899.0,,[0.1],литр
КРЫМСКАЯ-РОЗА,Косметика для лица,Эксфолиант для лица очищающий с экстрактом лаванды,899.0,,[0.1],литр
КРЫМСКАЯ-РОЗА,Косметика для лица,Крем-мусс для лица увлажняющий с экстрактом лаванды,1399.0,,[0.05],литр
КРЫМСКАЯ-РОЗА,Косметика для лица,Крем для лица регенерирующий с экстрактом лаванды,1399.0,,[0.05],литр
КРЫМСКАЯ-РОЗА,Косметика для лица,Крем для лица антивозрастной с экстрактом лаванды,1399.0,,[0.05],литр
КРЫМСКАЯ-РОЗА,Косметика для лица,"Гидролат лаванды и розы, 200 мл",899.0,,[0.2],литр
КРЫМСКАЯ-РОЗА,Косметика для лица,"Гидролат лаванды и розы, 100 мл",689.0,,[0.1],литр
КРЫМСКАЯ-РОЗА,Косметика для лица,"Гель для умывания очищающий с экстрактом лаванды, 200 мл",799.0,,[0.2],литр
КРЫМСКАЯ-РОЗА,Косметика для лица,"Гель для умывания очищающий с экстрактом лаванды, 100 мл",579.0,,[0.1],литр
КРЫМСКАЯ-РОЗА,Косметика для тела,"Крем-масло для тела питательное с гидролатом розы, 150 мл",599.0,,[0.15],литр
КРЫМСКАЯ-РОЗА,Косметика для тела,"Крем для рук увлажняющий, 30 мл",195.0,,[0.03],литр
КРЫМСКАЯ-РОЗА,Косметика для тела,"Крем для рук увлажняющий, 75 мл",419.0,,[0.075],литр
КРЫМСКАЯ-РОЗА,Косметика для тела,"Крем-масло для тела питательное, 250 мл",899.0,,[0.25],литр
КРЫМСКАЯ-РОЗА,Косметика для тела,"Скраб для тела обновляющий, 250 мл",799.0,,[0.25],литр
КРЫМСКАЯ-РОЗА,Косметика для тела,"Крем для тела ультраувлажняющий, 200 мл",799.0,,[0.2],литр
КРЫМСКАЯ-РОЗА,Косметика для тела,"Скраб для ног смягчающий, 100 мл",479.0,,[0.1],литр
КРЫМСКАЯ-РОЗА,Косметика для тела,"Молочко для тела укрепляющее, 200 мл",699.0,,[0.2],литр
КРЫМСКАЯ-РОЗА,Косметика для тела,"Крем для рук восстанавливающий, 30мл",195.0,,[0.03],литр
КРЫМСКАЯ-РОЗА,Косметика для тела,Крем для рук и ногтей питательный с лавандой и розой,429.0,,[0.1],литр
КРЫМСКАЯ-РОЗА,Косметика для тела,Крем для ног обновляющий с лавандой и розой,529.0,,[0.1],литр
КРЫМСКАЯ-РОЗА,Косметика для тела,Спрей для тела ультраувлажняющий с лавандой и розой,569.0,,[0.1],литр
КРЫМСКАЯ-РОЗА,Косметика для тела,Гель для душа очищающий с лавандой и розой,529.0,,[0.25],литр
КРЫМСКАЯ-РОЗА,Косметика для тела,Масло-концентрат для тела омолаживающее с лавандой и розой,899.0,,[0.1],литр
КРЫМСКАЯ-РОЗА,Косметика для тела,Крем-гель для душа увлажняющий с лавандой и розой,529.0,,[0.25],литр
КРЫМСКАЯ-РОЗА,Косметика для тела,Гель для интимной гигиены освежающий с лавандой и розой,579.0,,[0.2],литр
КРЫМСКАЯ-РОЗА,Косметика для тела,Крем-щербет для тела увлажняющий с лавандой и розой,899.0,,[0.25],литр
КРЫМСКАЯ-РОЗА,Косметика для тела,Скраб для тела мультиабразивный с лавандой и розой,679.0,,[0.25],литр
КРЫМСКАЯ-РОЗА,Косметика для тела,Крем для тела омолаживающий с лавандой и розой,899.0,,[0.25],литр
КРЫМСКАЯ-РОЗА,Косметика для тела,Скраб для тела кофейный с лавандой и розой,679.0,,[0.25],литр
КРЫМСКАЯ-РОЗА,Косметика для тела,Крем-баттер для тела питательный с лавандой и розой,899.0,,[0.25],литр
КРЫМСКАЯ-РОЗА,Косметика для тела,Мусс-скраб для тела солевой с лавандой и розой,679.0,,[0.25],литр
КРЫМСКАЯ-РОЗА,Косметика для тела,"Крем для тела ультраувлажняющий, 30 мл",129.0,,[0.03],литр
КРЫМСКАЯ-РОЗА,Косметика для тела,"Крем-гель для душа увлажняющий, 30 мл",99.0,,[0.03],литр
КРЫМСКАЯ-РОЗА,Косметика для тела,"Крем для рук восстанавливающий, 75 мл",419.0,,[0.075],литр
КРЫМСКАЯ-РОЗА,Косметика для тела,"Гоммаж для тела эксфолиирующий, 200 мл",799.0,,[0.2],литр
КРЫМСКАЯ-РОЗА,Косметика для тела,"Гель для ног охлаждающий, 75 мл",529.0,,[0.075],литр
КРЫМСКАЯ-РОЗА,Косметика для тела,"Мусс для интимной гигиены освежающий, 150 мл",579.0,,[0.15],литр
КРЫМСКАЯ-РОЗА,Косметика для тела,"Гель-скраб для душа очищающий, 250 мл",529.0,,[0.25],литр
КРЫМСКАЯ-РОЗА,Косметика для тела,"Крем-гель для душа увлажняющий, 250 мл",529.0,,[0.25],литр
КРЫМСКАЯ-РОЗА,Косметика для волос,Спрей-концентрат для волос с гидролатом розы,699.0,,[0.1],литр
КРЫМСКАЯ-РОЗА,Косметика для волос,Молочко для волос Многофункциональное,699.0,,[0.1],литр
КРЫМСКАЯ-РОЗА,Косметика для волос,Шампунь Укрепляющий,549.0,,[0.25],литр
КРЫМСКАЯ-РОЗА,Косметика для волос,Сыворотка для волос Балансирующая,1099.0,,[0.05],литр
КРЫМСКАЯ-РОЗА,Косметика для волос,Маска для волос Восстанавливающая,679.0,,[0.25],литр
КРЫМСКАЯ-РОЗА,Косметика для волос,Сыворотка для волос Укрепляющая,1099.0,,[0.05],литр
КРЫМСКАЯ-РОЗА,Косметика для волос,Бальзам-маска для волос Питательная,679.0,,[0.25],литр
КРЫМСКАЯ-РОЗА,Косметика для волос,Бальзам для волос Увлажняющий,549.0,,[0.25],литр
КРЫМСКАЯ-РОЗА,Косметика для волос,"Шампунь увлажняющий, 30 мл",99.0,,[0.03],литр
КРЫМСКАЯ-РОЗА,Косметика для волос,"Бальзам для волос увлажняющий, 30 мл",99.0,,[0.03],литр
КРЫМСКАЯ-РОЗА,Косметика для волос,Шампунь Балансирующий,549.0,,[0.25],литр
КРЫМСКАЯ-РОЗА,Косметика для волос,Шампунь для волос против перхоти,549.0,,[0.25],литр
КРЫМСКАЯ-РОЗА,Косметика для волос,Шампунь Питательный,549.0,,[0.25],литр
КРЫМСКАЯ-РОЗА,Косметика для волос,Шампунь Увлажняющий,549.0,,[0.25],литр
КРЫМСКАЯ-РОЗА,Косметика комплексные решения,Укрепляющий комплекс для ухода за волосами и кожей головы,3026.0,2572.1,,
КРЫМСКАЯ-РОЗА,Косметика комплексные решения,"Комплексное решение для ухода за кожей тела и рук ""Максимальное Увлажнение""",1747.0,1484.95,,
КРЫМСКАЯ-РОЗА,Косметика комплексные решения,Балансирующий комплекс для ухода за волосами и кожей головы,2347.0,1994.95,,
КРЫМСКАЯ-РОЗА,Косметика комплексные решения,"Комплексное решение для ухода за кожей тела и рук ""Интенсивное Питание""",1917.0,1629.45,,
КРЫМСКАЯ-РОЗА,Косметика комплексные решения,Увлажняющий комплекс для ухода за волосами,1797.0,1527.45,,
КРЫМСКАЯ-РОЗА,Косметика комплексные решения,Питательный комплекс для ухода за волосами,1927.0,1637.95,,
КРЫМСКАЯ-РОЗА,Косметика комплексные решения,"Комплексное решение ""Базовый уход для мужчин""",1777.0,1510.45,,
КРЫМСКАЯ-РОЗА,Косметика комплексные решения,"Комплексное решение ""Комфортное бритье и увлажнение для мужчин""",2697.0,2292.45,,
КРЫМСКАЯ-РОЗА,Косметика комплексные решения,Cкажи нет раздражениям,4386.0,3728.1,,
КРЫМСКАЯ-РОЗА,Косметика комплексные решения,UnStress,5196.0,4416.6,,
КРЫМСКАЯ-РОЗА,Косметика комплексные решения,"Комплексное решение для ухода за телом ""Глубокое увлажнение кожи с лавандой и розой""",1777.0,1510.45,,
КРЫМСКАЯ-РОЗА,Косметика комплексные решения,"Комплексное решение для ухода за телом ""Интенсивное омоложение кожи с лавандой и розой""",2107.0,1790.95,,
КРЫМСКАЯ-РОЗА,Косметика комплексные решения,"Комплексное решение ""Глубокое очищение для проблемной и жирной кожи""",2697.0,2292.45,,
КРЫМСКАЯ-РОЗА,Косметика комплексные решения,"Комплексное решение ""Базовый уход за проблемной и жирной кожей""",4246.0,3609.1,,
КРЫМСКАЯ-РОЗА,Косметика комплексные решения,"Комплексное решение ""Против воспалений для проблемной и жирной кожи""",3846.0,3269.1,,
КРЫМСКАЯ-РОЗА,Косметика комплексные решения,"Комплексное решение ""Коррекция постакне""",2947.0,2504.95,,
КРЫМСКАЯ-РОЗА,Косметика комплексные решения,Комплексное омоложение,6895.0,5860.75,,
КРЫМСКАЯ-РОЗА,Косметика комплексные решения,Комплексное решение для лица “Супер Увлажнение”,4446.0,3779.1,,
КРЫМСКАЯ-РОЗА,Косметика комплексные решения,Ровный тон,3996.0,3396.6,,
КРЫМСКАЯ-РОЗА,Косметика комплексные решения,Контроль блеска,3697.0,3142.45,,
КРЫМСКАЯ-РОЗА,Косметика комплексные решения,Набор «Чистота и здоровье кожи»,2947.0,2504.95,,
КРЫМСКАЯ-РОЗА,Косметика комплексные решения,Набор «Молодость и сияние»,4297.0,3652.45,,
КРЫМСКАЯ-РОЗА,Косметика комплексные решения,Набор «Питание и обновление»,3587.0,3048.95,,
КРЫМСКАЯ-РОЗА,Косметика комплексные решения,Набор «Интенсивное увлажнение»,3636.0,3090.6,,
КРЫМСКАЯ-РОЗА,Косметика подарки,Подарочный набор «Lava Sub Rosa»,1399.0,,,
КРЫМСКАЯ-РОЗА,Косметика подарки,Подарочный набор «Rosa Аb Origine»,1499.0,,,
КРЫМСКАЯ-РОЗА,Косметика подарки,"Подарочный набор Uomo Sub Rosa ""Свобода быть собой""",1199.0,,,
КРЫМСКАЯ-РОЗА,Косметика подарки,Брендированная коробка UOMO SUB ROSA,110.0,,,
КРЫМСКАЯ-РОЗА,Косметика подарки,"Брендированная коробка ""Крымская Роза""",110.0,,,
КРЫМСКАЯ-РОЗА,Косметика подарки,"Электронный подарочный сертификат, 10000 руб.",10000.0,,,
КРЫМСКАЯ-РОЗА,Косметика подарки,"Набор косметики ""Знакомство с брендом""",999.0,0.0,,
КРЫМСКАЯ-РОЗА,Косметика подарки,"Электронный подарочный сертификат, 5000 руб.",5000.0,,,
КРЫМСКАЯ-РОЗА,Косметика подарки,"Электронный подарочный сертификат, 2000 руб.",2000.0,,,
КРЫМСКАЯ-РОЗА,Косметика подарки,"Электронный подарочный сертификат, 3000 руб.",3000.0,,,
КРЫМСКАЯ-РОЗА,Косметика подарки,"Электронный подарочный сертификат, 1000 руб.",1000.0,,,
КРЫМСКАЯ-РОЗА,Косметика для него,"Гель для душа освежающий  с экстрактом шиповника, 30 мл",99.0,,[0.03],литр
КРЫМСКАЯ-РОЗА,Косметика для него,"Шампунь-кондиционер увлажняющий с экстрактом шиповника, 30 мл",99.0,,[0.03],литр
КРЫМСКАЯ-РОЗА,Косметика для него,Шампунь-кондиционер увлажняющий с экстрактом шиповника,549.0,,[0.25],литр
КРЫМСКАЯ-РОЗА,Косметика для него,Крем для рук увлажняющий  с экстрактом шиповника,429.0,,[0.1],литр
КРЫМСКАЯ-РОЗА,Косметика для него,Крем для лица увлажняющий с экстрактом шиповника,1399.0,,[0.05],литр
КРЫМСКАЯ-РОЗА,Косметика для него,Крем для лица антивозрастной с экстрактом шиповника,1399.0,,[0.05],литр
КРЫМСКАЯ-РОЗА,Косметика для него,Гель для душа освежающий  с экстрактом шиповника,529.0,,[0.25],литр
КРЫМСКАЯ-РОЗА,Косметика для него,Гель для бритья охлаждающий с экстрактом шиповника,699.0,,[0.2],литр
КРЫМСКАЯ-РОЗА,Косметика для него,Лосьон после бритья успокаивающий с экстрактом шиповника,599.0,,[0.1],литр
КРЫМСКАЯ-РОЗА,Косметика ароматерапия,Эфирное масло грейпфрута,569.0,,[0.005],литр
КРЫМСКАЯ-РОЗА,Косметика ароматерапия,Эфирное масло мяты,349.0,,[0.005],литр
КРЫМСКАЯ-РОЗА,Косметика ароматерапия,Эфирное масло лимона,349.0,,[0.005],литр
КРЫМСКАЯ-РОЗА,Косметика ароматерапия,Эфирное масло лаванды,569.0,,[0.005],литр
КРЫМСКАЯ-РОЗА,Косметика ароматерапия,Эфирное масло розмарина,449.0,,[0.005],литр
КРЫМСКАЯ-РОЗА,Косметика ароматерапия,Эфирное масло герани,569.0,,[0.005],литр
КРЫМСКАЯ-РОЗА,Косметика ароматерапия,Эфирное масло полыни таврической,449.0,,[0.005],литр
КРЫМСКАЯ-РОЗА,Косметика ароматерапия,Эфирное масло кипариса,449.0,,[0.005],литр
КРЫМСКАЯ-РОЗА,Косметика ароматерапия,Эфирное масло чайного дерева,449.0,,[0.005],литр
КРЫМСКАЯ-РОЗА,Косметика ароматерапия,Эфирное масло апельсина,349.0,,[0.005],литр
КРЫМСКАЯ-РОЗА,Косметика ароматерапия,Эфирное масло иланг-иланга,569.0,,[0.005],литр
КРЫМСКАЯ-РОЗА,Косметика ароматерапия,Эфирное масло розы,11999.0,,[0.004],литр
КРЫМСКАЯ-РОЗА,Косметика ароматерапия,Эфирное масло шалфея,569.0,,[0.005],литр
КРЫМСКАЯ-РОЗА,Косметика ароматерапия,Эфирное масло мелиссы,449.0,,[0.005],литр
КРЫМСКАЯ-РОЗА,Косметика для лица,Лифтинг-маска на основе гидролата розы для комплексного омоложения,899.0,764.15,[0.1],литр
КРЫМСКАЯ-РОЗА,Косметика для лица,Успокаивающая сыворотка на основе гидролата розы для восстановления повреждений кожи,1399.0,1189.15,[0.03],литр
КРЫМСКАЯ-РОЗА,Косметика для лица,Детокс-сыворотка на основе гидролата розы для борьбы с последствиями стресса,1399.0,1189.15,[0.03],литр
КРЫМСКАЯ-РОЗА,Косметика для лица,Средство для интенсивного восстановления на основе гидролата розы для борьбы с последствиями стресса,899.0,764.15,[0.05],литр
КРЫМСКАЯ-РОЗА,Косметика для лица,Сыворотка балансирующая для лица с экстрактом лаванды,1399.0,1189.15,[0.03],литр
КРЫМСКАЯ-РОЗА,Косметика для лица,Маска для лица увлажняющая с экстрактом лаванды,899.0,764.15,[0.1],литр
АО_АПК_БЕЛИФФ_ГАЗ,Газы,,500.0,,5,литр
АО_АПК_БЕЛИФФ_ГАЗ,Газы,,500.0,,10,литр
АО_АПК_БЕЛИФФ_ГАЗ,Газы,,500.0,,20,литр
АО_АПК_БЕЛИФФ_ГАЗ,Газы,,500.0,,40,литр
АО_АПК_БЕЛИФФ_ГАЗ,Газы,,500.0,,50,литр
АО_АПК_БЕЛИФФ_ГАЗ,Газы,,5050.0,,5,литр
АО_АПК_БЕЛИФФ_ГАЗ,Газы,,6150.0,,10,литр
АО_АПК_БЕЛИФФ_ГАЗ,Газы,,10900.0,,20,литр
АО_АПК_БЕЛИФФ_ГАЗ,Газы,,19600.0,,40,литр
АО_АПК_БЕЛИФФ_ГАЗ,Газы,,,,50,литр
АО_АПК_БЕЛИФФ_ГАЗ,Газы,,,,5,литр
АО_АПК_БЕЛИФФ_ГАЗ,Газы,,,,10,литр
АО_АПК_БЕЛИФФ_ГАЗ,Газы,,,,20,литр
АО_АПК_БЕЛИФФ_ГАЗ,Газы,,14000.0,,40,литр
АО_АПК_БЕЛИФФ_ГАЗ,Газы,,,,50,литр
АО_АПК_БЕЛИФФ_ГАЗ,Газы,,1664.0,,5,литр
АО_АПК_БЕЛИФФ_ГАЗ,Газы,,1664.0,,10,литр
АО_АПК_БЕЛИФФ_ГАЗ,Газы,,,,20,литр
АО_АПК_БЕЛИФФ_ГАЗ,Газы,,2184.0,,40,литр
АО_АПК_БЕЛИФФ_ГАЗ,Газы,,2555.0,,50,литр
АО_АПК_БЕЛИФФ_ГАЗ,Газы,,6214.0,,5,литр
АО_АПК_БЕЛИФФ_ГАЗ,Газы,,7314.0,,10,литр
АО_АПК_БЕЛИФФ_ГАЗ,Газы,,,,20,литр
АО_АПК_БЕЛИФФ_ГАЗ,Газы,,21284.0,,40,литр
АО_АПК_БЕЛИФФ_ГАЗ,Газы,,,,50,литр
АО_АПК_БЕЛИФФ_ГАЗ,Газы,,,,5,литр
АО_АПК_БЕЛИФФ_ГАЗ,Газы,,,,10,литр
АО_АПК_БЕЛИФФ_ГАЗ,Газы,,,,20,литр
АО_АПК_БЕЛИФФ_ГАЗ,Газы,,15684.0,,40,литр
АО_АПК_БЕЛИФФ_ГАЗ,Газы,,,,50,литр
АО_АПК_БЕЛИФФ_ГАЗ,Газы,,3302.0,,5,литр
АО_АПК_БЕЛИФФ_ГАЗ,Газы,,3302.0,,10,литр
АО_АПК_БЕЛИФФ_ГАЗ,Газы,,,,20,литр
АО_АПК_БЕЛИФФ_ГАЗ,Газы,,4693.0,,40,литр
АО_АПК_БЕЛИФФ_ГАЗ,Газы,,5668.0,,50,литр
АО_АПК_БЕЛИФФ_ГАЗ,Газы,,7852.0,,5,литр
АО_АПК_БЕЛИФФ_ГАЗ,Газы,,8952.0,,10,литр
АО_АПК_БЕЛИФФ_ГАЗ,Газы,,,,20,литр
АО_АПК_БЕЛИФФ_ГАЗ,Газы,,23793.0,,40,литр
АО_АПК_БЕЛИФФ_ГАЗ,Газы,,,,50,литр
АО_АПК_БЕЛИФФ_ГАЗ,Газы,,,,5,литр
АО_АПК_БЕЛИФФ_ГАЗ,Газы,,,,10,литр
АО_АПК_БЕЛИФФ_ГАЗ,Газы,,,,20,литр
АО_АПК_БЕЛИФФ_ГАЗ,Газы,,18193.0,,40,литр
АО_АПК_БЕЛИФФ_ГАЗ,Газы,,,,50,литр
АО_АПК_БЕЛИФФ_ГАЗ,Газы,,3744.0,,5,литр
АО_АПК_БЕЛИФФ_ГАЗ,Газы,,3744.0,,10,литр
АО_АПК_БЕЛИФФ_ГАЗ,Газы,,,,20,литр
АО_АПК_БЕЛИФФ_ГАЗ,Газы,,5499.0,,40,литр
АО_АПК_БЕЛИФФ_ГАЗ,Газы,,6494.0,,50,литр
АО_АПК_БЕЛИФФ_ГАЗ,Газы,,8294.0,,5,литр
АО_АПК_БЕЛИФФ_ГАЗ,Газы,,9394.0,,10,литр
АО_АПК_БЕЛИФФ_ГАЗ,Газы,,,,20,литр
АО_АПК_БЕЛИФФ_ГАЗ,Газы,,24599.0,,40,литр
АО_АПК_БЕЛИФФ_ГАЗ,Газы,,,,50,литр
АО_АПК_БЕЛИФФ_ГАЗ,Газы,,,,5,литр
АО_АПК_БЕЛИФФ_ГАЗ,Газы,,,,10,литр
АО_АПК_БЕЛИФФ_ГАЗ,Газы,,,,20,литр
АО_АПК_БЕЛИФФ_ГАЗ,Газы,,18999.0,,40,литр
АО_АПК_БЕЛИФФ_ГАЗ,Газы,,,,50,литр
АО_АПК_БЕЛИФФ_ГАЗ,Газы,,3744.0,,10,литр
АО_АПК_БЕЛИФФ_ГАЗ,Газы,,,,20,литр
АО_АПК_БЕЛИФФ_ГАЗ,Газы,,5493.0,,40,литр
АО_АПК_БЕЛИФФ_ГАЗ,Газы,,6494.0,,50,литр
АО_АПК_БЕЛИФФ_ГАЗ,Газы,,9394.0,,10,литр
АО_АПК_БЕЛИФФ_ГАЗ,Газы,,,,20,литр
АО_АПК_БЕЛИФФ_ГАЗ,Газы,,24593.0,,40,литр
АО_АПК_БЕЛИФФ_ГАЗ,Газы,,,,50,литр
АО_АПК_БЕЛИФФ_ГАЗ,Газы,,,,10,литр
АО_АПК_БЕЛИФФ_ГАЗ,Газы,,,,20,литр
АО_АПК_БЕЛИФФ_ГАЗ,Газы,,18993.0,,40,литр
АО_АПК_БЕЛИФФ_ГАЗ,Газы,,,,50,литр
АО_АПК_БЕЛИФФ_ГАЗ,Газы,,8700.0,,40,литр
АО_АПК_БЕЛИФФ_ГАЗ,Газы,,33500.0,,40,литр
АО_АПК_БЕЛИФФ_ГАЗ,Газы,,1900.0,,5,литр
АО_АПК_БЕЛИФФ_ГАЗ,Газы,,1900.0,,10,литр
АО_АПК_БЕЛИФФ_ГАЗ,Газы,,1900.0,,20,литр
АО_АПК_БЕЛИФФ_ГАЗ,Газы,,1900.0,,40,литр
АО_АПК_БЕЛИФФ_ГАЗ,Газы,,1900.0,,50,литр
АО_АПК_БЕЛИФФ_ГАЗ,Газы,,6450.0,,5,литр
АО_АПК_БЕЛИФФ_ГАЗ,Газы,,7550.0,,10,литр
АО_АПК_БЕЛИФФ_ГАЗ,Газы,,12300.0,,20,литр
АО_АПК_БЕЛИФФ_ГАЗ,Газы,,17400.0,,40,литр
АО_АПК_БЕЛИФФ_ГАЗ,Газы,,,,50,литр
АО_АПК_БЕЛИФФ_ГАЗ,Газы,,,,5,литр
АО_АПК_БЕЛИФФ_ГАЗ,Газы,,,,10,литр
АО_АПК_БЕЛИФФ_ГАЗ,Газы,,,,20,литр
АО_АПК_БЕЛИФФ_ГАЗ,Газы,,15400.0,,40,литр
АО_АПК_БЕЛИФФ_ГАЗ,Газы,,,,50,литр
АО_АПК_БЕЛИФФ_ГАЗ,Газы,,8944.0,,5,литр
АО_АПК_БЕЛИФФ_ГАЗ,Газы,,8944.0,,10,литр
АО_АПК_БЕЛИФФ_ГАЗ,Газы,,,,20,литр
АО_АПК_БЕЛИФФ_ГАЗ,Газы,,13052.0,,40,литр
АО_АПК_БЕЛИФФ_ГАЗ,Газы,,15067.0,,50,литр
АО_АПК_БЕЛИФФ_ГАЗ,Газы,,13494.0,,5,литр
АО_АПК_БЕЛИФФ_ГАЗ,Газы,,14594.0,,10,литр
АО_АПК_БЕЛИФФ_ГАЗ,Газы,,,,20,литр
АО_АПК_БЕЛИФФ_ГАЗ,Газы,,28552.0,,40,литр
АО_АПК_БЕЛИФФ_ГАЗ,Газы,,,,50,литр
АО_АПК_БЕЛИФФ_ГАЗ,Газы,,,,5,литр
АО_АПК_БЕЛИФФ_ГАЗ,Газы,,,,10,литр
АО_АПК_БЕЛИФФ_ГАЗ,Газы,,,,20,литр
АО_АПК_БЕЛИФФ_ГАЗ,Газы,,26552.0,,40,литр
АО_АПК_БЕЛИФФ_ГАЗ,Газы,,,,50,литр
АО_АПК_БЕЛИФФ_ГАЗ,Газы,,11167.0,,5,литр
АО_АПК_БЕЛИФФ_ГАЗ,Газы,,11167.0,,10,литр
АО_АПК_БЕЛИФФ_ГАЗ,Газы,,,,20,литр
АО_АПК_БЕЛИФФ_ГАЗ,Газы,,16016.0,,40,литр
АО_АПК_БЕЛИФФ_ГАЗ,Газы,,18765.0,,50,литр
АО_АПК_БЕЛИФФ_ГАЗ,Газы,,15717.0,,5,литр
АО_АПК_БЕЛИФФ_ГАЗ,Газы,,16817.0,,10,литр
АО_АПК_БЕЛИФФ_ГАЗ,Газы,,,,20,литр
АО_АПК_БЕЛИФФ_ГАЗ,Газы,,31516.0,,40,литр
АО_АПК_БЕЛИФФ_ГАЗ,Газы,,,,50,литр
АО_АПК_БЕЛИФФ_ГАЗ,Газы,,,,5,литр
АО_АПК_БЕЛИФФ_ГАЗ,Газы,,,,10,литр
АО_АПК_БЕЛИФФ_ГАЗ,Газы,,,,20,литр
АО_АПК_БЕЛИФФ_ГАЗ,Газы,,29516.0,,40,литр
АО_АПК_БЕЛИФФ_ГАЗ,Газы,,,,50,литр
АО_АПК_БЕЛИФФ_ГАЗ,Газы,,,,5,литр
АО_АПК_БЕЛИФФ_ГАЗ,Газы,,,,10,литр
АО_АПК_БЕЛИФФ_ГАЗ,Газы,,,,20,литр
АО_АПК_БЕЛИФФ_ГАЗ,Газы,,,,40,литр
АО_АПК_БЕЛИФФ_ГАЗ,Газы,,,,50,литр
АО_АПК_БЕЛИФФ_ГАЗ,Газы,,,,5,литр
АО_АПК_БЕЛИФФ_ГАЗ,Газы,,,,10,литр
АО_АПК_БЕЛИФФ_ГАЗ,Газы,,,,20,литр
АО_АПК_БЕЛИФФ_ГАЗ,Газы,,,,40,литр
АО_АПК_БЕЛИФФ_ГАЗ,Газы,,,,50,литр
АО_АПК_БЕЛИФФ_ГАЗ,Газы,,4500.0,,40,литр
АО_АПК_БЕЛИФФ_ГАЗ,Газы,,39700.0,,40,литр
АО_АПК_БЕЛИФФ_ГАЗ,Газы,,18000.0,,40,литр
АО_АПК_БЕЛИФФ_ГАЗ,Газы,,21567.0,,10,литр
АО_АПК_БЕЛИФФ_ГАЗ,Газы,,28600.0,,40,литр
АО_АПК_БЕЛИФФ_ГАЗ,Газы,,32117.0,,10,литр
АО_АПК_БЕЛИФФ_ГАЗ,Газы,,63800.0,,40,литр
АО_АПК_БЕЛИФФ_ГАЗ,Газы,,,,10,литр
АО_АПК_БЕЛИФФ_ГАЗ,Газы,,42100.0,,40,литр
АО_АПК_БЕЛИФФ_ГАЗ,Газы,,9490.0,,5,литр
АО_АПК_БЕЛИФФ_ГАЗ,Газы,,9490.0,,10,литр
АО_АПК_БЕЛИФФ_ГАЗ,Газы,,9490.0,,40,литр
АО_АПК_БЕЛИФФ_ГАЗ,Газы,,15140.0,,5,литр
АО_АПК_БЕЛИФФ_ГАЗ,Газы,,16240.0,,10,литр
АО_АПК_БЕЛИФФ_ГАЗ,Газы,,31090.0,,40,литр
АО_АПК_БЕЛИФФ_ГАЗ,Газы,,,,5,литр
АО_АПК_БЕЛИФФ_ГАЗ,Газы,,,,10,литр
АО_АПК_БЕЛИФФ_ГАЗ,Газы,,24990.0,,40,литр
АО_АПК_БЕЛИФФ_ГАЗ,Газы,,9490.0,,5,литр
АО_АПК_БЕЛИФФ_ГАЗ,Газы,,9490.0,,10,литр
АО_АПК_БЕЛИФФ_ГАЗ,Газы,,9490.0,,40,литр
АО_АПК_БЕЛИФФ_ГАЗ,Газы,,15140.0,,5,литр
АО_АПК_БЕЛИФФ_ГАЗ,Газы,,16240.0,,10,литр
АО_АПК_БЕЛИФФ_ГАЗ,Газы,,31090.0,,40,литр
АО_АПК_БЕЛИФФ_ГАЗ,Газы,,,,5,литр
АО_АПК_БЕЛИФФ_ГАЗ,Газы,,,,10,литр
АО_АПК_БЕЛИФФ_ГАЗ,Газы,,24990.0,,40,литр
АО_АПК_БЕЛИФФ_ГАЗ,Газы,,9750.0,,5,литр
АО_АПК_БЕЛИФФ_ГАЗ,Газы,,9750.0,,10,литр
АО_АПК_БЕЛИФФ_ГАЗ,Газы,,17420.0,,40,литр
АО_АПК_БЕЛИФФ_ГАЗ,Газы,,15400.0,,5,литр
АО_АПК_БЕЛИФФ_ГАЗ,Газы,,16500.0,,10,литр
АО_АПК_БЕЛИФФ_ГАЗ,Газы,,39020.0,,40,литр
АО_АПК_БЕЛИФФ_ГАЗ,Газы,,,,5,литр
АО_АПК_БЕЛИФФ_ГАЗ,Газы,,,,10,литр
АО_АПК_БЕЛИФФ_ГАЗ,Газы,,32920.0,,40,литр
АО_АПК_БЕЛИФФ_ГАЗ,Газы,,18460.0,,5,литр
АО_АПК_БЕЛИФФ_ГАЗ,Газы,,18460.0,,10,литр
АО_АПК_БЕЛИФФ_ГАЗ,Газы,,27820.0,,40,литр
АО_АПК_БЕЛИФФ_ГАЗ,Газы,,24110.0,,5,литр
АО_АПК_БЕЛИФФ_ГАЗ,Газы,,25210.0,,10,литр
АО_АПК_БЕЛИФФ_ГАЗ,Газы,,49420.0,,40,литр
АО_АПК_БЕЛИФФ_ГАЗ,Газы,,,,5,литр
АО_АПК_БЕЛИФФ_ГАЗ,Газы,,,,10,литр
АО_АПК_БЕЛИФФ_ГАЗ,Газы,,43320.0,,40,литр
АО_АПК_БЕЛИФФ_ГАЗ,Газы,,20930.0,,5,литр
АО_АПК_БЕЛИФФ_ГАЗ,Газы,,20930.0,,10,литр
АО_АПК_БЕЛИФФ_ГАЗ,Газы,,32370.0,,40,литр
АО_АПК_БЕЛИФФ_ГАЗ,Газы,,,,50,литр
АО_АПК_БЕЛИФФ_ГАЗ,Газы,,26580.0,,5,литр
АО_АПК_БЕЛИФФ_ГАЗ,Газы,,27680.0,,10,литр
АО_АПК_БЕЛИФФ_ГАЗ,Газы,,53970.0,,40,литр
АО_АПК_БЕЛИФФ_ГАЗ,Газы,,,,50,литр
АО_АПК_БЕЛИФФ_ГАЗ,Газы,,,,5,литр
АО_АПК_БЕЛИФФ_ГАЗ,Газы,,,,10,литр
АО_АПК_БЕЛИФФ_ГАЗ,Газы,,47870.0,,40,литр
АО_АПК_БЕЛИФФ_ГАЗ,Газы,,,,50,литр
АО_АПК_БЕЛИФФ_ГАЗ,Газы,,4407.0,,5,литр
АО_АПК_БЕЛИФФ_ГАЗ,Газы,,4407.0,,10,литр
АО_АПК_БЕЛИФФ_ГАЗ,Газы,,9126.0,,40,литр
АО_АПК_БЕЛИФФ_ГАЗ,Газы,,11284.0,,50,литр
АО_АПК_БЕЛИФФ_ГАЗ,Газы,,8957.0,,5,литр
АО_АПК_БЕЛИФФ_ГАЗ,Газы,,10057.0,,10,литр
АО_АПК_БЕЛИФФ_ГАЗ,Газы,,28226.0,,40,литр
АО_АПК_БЕЛИФФ_ГАЗ,Газы,,,,50,литр
АО_АПК_БЕЛИФФ_ГАЗ,Газы,,2410.0,,5,литр
АО_АПК_БЕЛИФФ_ГАЗ,Газы,,2410.0,,10,литр
АО_АПК_БЕЛИФФ_ГАЗ,Газы,,3160.0,,40,литр
АО_АПК_БЕЛИФФ_ГАЗ,Газы,,3618.0,,50,литр
АО_АПК_БЕЛИФФ_ГАЗ,Газы,,6960.0,,5,литр
АО_АПК_БЕЛИФФ_ГАЗ,Газы,,8060.0,,10,литр
АО_АПК_БЕЛИФФ_ГАЗ,Газы,,22260.0,,40,литр
АО_АПК_БЕЛИФФ_ГАЗ,Газы,,,,50,литр
АО_АПК_БЕЛИФФ_ГАЗ,Газы,,3550.0,,5,литр
АО_АПК_БЕЛИФФ_ГАЗ,Газы,,3550.0,,10,литр
АО_АПК_БЕЛИФФ_ГАЗ,Газы,,6630.0,,40,литр
АО_АПК_БЕЛИФФ_ГАЗ,Газы,,8288.0,,50,литр
АО_АПК_БЕЛИФФ_ГАЗ,Газы,,8100.0,,5,литр
АО_АПК_БЕЛИФФ_ГАЗ,Газы,,9200.0,,10,литр
АО_АПК_БЕЛИФФ_ГАЗ,Газы,,25730.0,,40,литр
АО_АПК_БЕЛИФФ_ГАЗ,Газы,,,,50,литр
АО_АПК_БЕЛИФФ_ГАЗ,Газы,,9000.0,,5,литр
АО_АПК_БЕЛИФФ_ГАЗ,Газы,,9000.0,,10,литр
АО_АПК_БЕЛИФФ_ГАЗ,Газы,,15000.0,,40,литр
АО_АПК_БЕЛИФФ_ГАЗ,Газы,,47300.0,,50,литр
АО_АПК_БЕЛИФФ_ГАЗ,Газы,,15800.0,,5,литр
АО_АПК_БЕЛИФФ_ГАЗ,Газы,,16700.0,,10,литр
АО_АПК_БЕЛИФФ_ГАЗ,Газы,,35300.0,,40,литр
АО_АПК_БЕЛИФФ_ГАЗ,Газы,,,,50,литр
АО_АПК_БЕЛИФФ_ГАЗ,Газы,,,,5,литр
АО_АПК_БЕЛИФФ_ГАЗ,Газы,,,,10,литр
АО_АПК_БЕЛИФФ_ГАЗ,Газы,,30500.0,,40,литр
АО_АПК_БЕЛИФФ_ГАЗ,Газы,,,,50,литр
АО_АПК_БЕЛИФФ_ГАЗ,Газы,,19200.0,,10,литр
АО_АПК_БЕЛИФФ_ГАЗ,Газы,,20000.0,,40,литр
АО_АПК_БЕЛИФФ_ГАЗ,Газы,,39900.0,,50,литр
АО_АПК_БЕЛИФФ_ГАЗ,Газы,,26900.0,,10,литр
АО_АПК_БЕЛИФФ_ГАЗ,Газы,,40300.0,,40,литр
АО_АПК_БЕЛИФФ_ГАЗ,Газы,,,,50,литр
АО_АПК_БЕЛИФФ_ГАЗ,Газы,,,,10,литр
АО_АПК_БЕЛИФФ_ГАЗ,Газы,,35500.0,,40,литр
АО_АПК_БЕЛИФФ_ГАЗ,Газы,,,,50,литр
АО_АПК_БЕЛИФФ_ГАЗ,Газы,,11500.0,,5,литр
АО_АПК_БЕЛИФФ_ГАЗ,Газы,,19200.0,,10,литр
АО_АПК_БЕЛИФФ_ГАЗ,Газы,,25500.0,,40,литр
АО_АПК_БЕЛИФФ_ГАЗ,Газы,,42300.0,,50,литр
АО_АПК_БЕЛИФФ_ГАЗ,Газы,,18300.0,,5,литр
АО_АПК_БЕЛИФФ_ГАЗ,Газы,,26900.0,,10,литр
АО_АПК_БЕЛИФФ_ГАЗ,Газы,,45800.0,,40,литр
АО_АПК_БЕЛИФФ_ГАЗ,Газы,,,,50,литр
АО_АПК_БЕЛИФФ_ГАЗ,Газы,,,,5,литр
АО_АПК_БЕЛИФФ_ГАЗ,Газы,,,,10,литр
АО_АПК_БЕЛИФФ_ГАЗ,Газы,,41000.0,,40,литр
АО_АПК_БЕЛИФФ_ГАЗ,Газы,,,,50,литр
АО_АПК_БЕЛИФФ_ГАЗ,Газы,,12500.0,,5,литр
АО_АПК_БЕЛИФФ_ГАЗ,Газы,,19200.0,,10,литр
АО_АПК_БЕЛИФФ_ГАЗ,Газы,,26000.0,,40,литр
АО_АПК_БЕЛИФФ_ГАЗ,Газы,,48000.0,,50,литр
АО_АПК_БЕЛИФФ_ГАЗ,Газы,,19300.0,,5,литр
АО_АПК_БЕЛИФФ_ГАЗ,Газы,,26900.0,,10,литр
АО_АПК_БЕЛИФФ_ГАЗ,Газы,,46300.0,,40,литр
АО_АПК_БЕЛИФФ_ГАЗ,Газы,,,,50,литр
АО_АПК_БЕЛИФФ_ГАЗ,Газы,,,,5,литр
АО_АПК_БЕЛИФФ_ГАЗ,Газы,,,,10,литр
АО_АПК_БЕЛИФФ_ГАЗ,Газы,,41500.0,,40,литр
АО_АПК_БЕЛИФФ_ГАЗ,Газы,,,,50,литр
АО_АПК_БЕЛИФФ_ГАЗ,Газы,,15000.0,,5,литр
АО_АПК_БЕЛИФФ_ГАЗ,Газы,,15000.0,,10,литр
АО_АПК_БЕЛИФФ_ГАЗ,Газы,,35000.0,,40,литр
АО_АПК_БЕЛИФФ_ГАЗ,Газы,,38000.0,,50,литр
АО_АПК_БЕЛИФФ_ГАЗ,Газы,,21800.0,,5,литр
АО_АПК_БЕЛИФФ_ГАЗ,Газы,,22700.0,,10,литр
АО_АПК_БЕЛИФФ_ГАЗ,Газы,,55300.0,,40,литр
АО_АПК_БЕЛИФФ_ГАЗ,Газы,,,,50,литр
АО_АПК_БЕЛИФФ_ГАЗ,Газы,,,,5,литр
АО_АПК_БЕЛИФФ_ГАЗ,Газы,,,,10,литр
АО_АПК_БЕЛИФФ_ГАЗ,Газы,,50500.0,,40,литр
АО_АПК_БЕЛИФФ_ГАЗ,Газы,,,,50,литр
АО_АПК_БЕЛИФФ_ГАЗ,Газы,,400.0,,5,литр
АО_АПК_БЕЛИФФ_ГАЗ,Газы,,400.0,,10,литр
АО_АПК_БЕЛИФФ_ГАЗ,Газы,,800.0,,40,литр
АО_АПК_БЕЛИФФ_ГАЗ,Газы,,800.0,,50,литр
АО_АПК_БЕЛИФФ_ГАЗ,Газы,,6900.0,,5,литр
АО_АПК_БЕЛИФФ_ГАЗ,Газы,,9400.0,,10,литр
АО_АПК_БЕЛИФФ_ГАЗ,Газы,,16300.0,,40,литр
АО_АПК_БЕЛИФФ_ГАЗ,Газы,,,,50,литр
АО_АПК_БЕЛИФФ_ГАЗ,Газы,,,,5,литр
АО_АПК_БЕЛИФФ_ГАЗ,Газы,,,,10,литр
АО_АПК_БЕЛИФФ_ГАЗ,Газы,,14300.0,,40,литр
АО_АПК_БЕЛИФФ_ГАЗ,Газы,,,,50,литр
АО_АПК_БЕЛИФФ_ГАЗ,Газы,,24550.0,,5,литр
АО_АПК_БЕЛИФФ_ГАЗ,Газы,,24550.0,,10,литр
АО_АПК_БЕЛИФФ_ГАЗ,Газы,,32400.0,,40,литр
АО_АПК_БЕЛИФФ_ГАЗ,Газы,,31050.0,,5,литр
АО_АПК_БЕЛИФФ_ГАЗ,Газы,,33550.0,,10,литр
АО_АПК_БЕЛИФФ_ГАЗ,Газы,,47900.0,,40,литр
АО_АПК_БЕЛИФФ_ГАЗ,Газы,,,,5,литр
АО_АПК_БЕЛИФФ_ГАЗ,Газы,,,,10,литр
АО_АПК_БЕЛИФФ_ГАЗ,Газы,,45900.0,,40,литр
АО_АПК_БЕЛИФФ_ГАЗ,Газы,,42680.0,,5,литр
АО_АПК_БЕЛИФФ_ГАЗ,Газы,,42680.0,,10,литр
АО_АПК_БЕЛИФФ_ГАЗ,Газы,,63700.0,,40,литр
АО_АПК_БЕЛИФФ_ГАЗ,Газы,,49180.0,,5,литр
АО_АПК_БЕЛИФФ_ГАЗ,Газы,,51680.0,,10,литр
АО_АПК_БЕЛИФФ_ГАЗ,Газы,,79200.0,,40,литр
АО_АПК_БЕЛИФФ_ГАЗ,Газы,,,,5,литр
АО_АПК_БЕЛИФФ_ГАЗ,Газы,,,,10,литр
АО_АПК_БЕЛИФФ_ГАЗ,Газы,,77200.0,,40,литр
АО_АПК_БЕЛИФФ_ГАЗ,Газы,,,,5,литр
АО_АПК_БЕЛИФФ_ГАЗ,Газы,,,,10,литр
АО_АПК_БЕЛИФФ_ГАЗ,Газы,,,,40,литр
АО_АПК_БЕЛИФФ_ГАЗ,Газы,,4150.0,,5,литр
АО_АПК_БЕЛИФФ_ГАЗ,Газы,,4150.0,,10,литр
АО_АПК_БЕЛИФФ_ГАЗ,Газы,,7800.0,,40,литр
АО_АПК_БЕЛИФФ_ГАЗ,Газы,,8000.0,,50,литр
АО_АПК_БЕЛИФФ_ГАЗ,Газы,,9800.0,,5,литр
АО_АПК_БЕЛИФФ_ГАЗ,Газы,,10900.0,,10,литр
АО_АПК_БЕЛИФФ_ГАЗ,Газы,,19300.0,,40,литр
АО_АПК_БЕЛИФФ_ГАЗ,Газы,,,,50,литр
АО_АПК_БЕЛИФФ_ГАЗ,Газы,,,,5,литр
АО_АПК_БЕЛИФФ_ГАЗ,Газы,,,,10,литр
АО_АПК_БЕЛИФФ_ГАЗ,Газы,,23300.0,,40,литр
АО_АПК_БЕЛИФФ_ГАЗ,Газы,,,,50,литр
АО_АПК_БЕЛИФФ_ГАЗ,Газы,,19880.0,,10,литр
АО_АПК_БЕЛИФФ_ГАЗ,Газы,,44300.0,,40,литр
АО_АПК_БЕЛИФФ_ГАЗ,Газы,,44330.0,,50,литр
АО_АПК_БЕЛИФФ_ГАЗ,Газы,,26630.0,,10,литр
АО_АПК_БЕЛИФФ_ГАЗ,Газы,,55800.0,,40,литр
АО_АПК_БЕЛИФФ_ГАЗ,Газы,,,,50,литр
АО_АПК_БЕЛИФФ_ГАЗ,Газы,,,,10,литр
АО_АПК_БЕЛИФФ_ГАЗ,Газы,,59800.0,,40,литр
АО_АПК_БЕЛИФФ_ГАЗ,Газы,,,,50,литр
АО_АПК_БЕЛИФФ_ГАЗ,Газы,,25320.0,,10,литр
АО_АПК_БЕЛИФФ_ГАЗ,Газы,,52990.0,,40,литр
АО_АПК_БЕЛИФФ_ГАЗ,Газы,,52990.0,,50,литр
АО_АПК_БЕЛИФФ_ГАЗ,Газы,,32070.0,,10,литр
АО_АПК_БЕЛИФФ_ГАЗ,Газы,,64490.0,,40,литр
АО_АПК_БЕЛИФФ_ГАЗ,Газы,,,,50,литр
АО_АПК_БЕЛИФФ_ГАЗ,Газы,,,,10,литр
АО_АПК_БЕЛИФФ_ГАЗ,Газы,,68490.0,,40,литр
АО_АПК_БЕЛИФФ_ГАЗ,Газы,,,,50,литр
АО_АПК_БЕЛИФФ_ГАЗ,Газы,,500.0,,5,литр
АО_АПК_БЕЛИФФ_ГАЗ,Газы,,500.0,,12,литр
АО_АПК_БЕЛИФФ_ГАЗ,Газы,,800.0,,27,литр
АО_АПК_БЕЛИФФ_ГАЗ,Газы,,1000.0,,35,литр
АО_АПК_БЕЛИФФ_ГАЗ,Газы,,1400.0,,50,литр
АО_АПК_БЕЛИФФ_ГАЗ,Газы,,2350.0,,79,литр
АО_АПК_БЕЛИФФ_ГАЗ,Газы,,3620.0,,5,литр
АО_АПК_БЕЛИФФ_ГАЗ,Газы,,4500.0,,12,литр
АО_АПК_БЕЛИФФ_ГАЗ,Газы,,6300.0,,27,литр
АО_АПК_БЕЛИФФ_ГАЗ,Газы,,20000.0,,35,литр
АО_АПК_БЕЛИФФ_ГАЗ,Газы,,7890.0,,50,литр
АО_АПК_БЕЛИФФ_ГАЗ,Газы,,12300.0,,79,литр
АО_АПК_БЕЛИФФ_ГАЗ,Газы,,500.0,,5,литр
АО_АПК_БЕЛИФФ_ГАЗ,Газы,,500.0,,12,литр
АО_АПК_БЕЛИФФ_ГАЗ,Газы,,800.0,,27,литр
АО_АПК_БЕЛИФФ_ГАЗ,Газы,,1000.0,,35,литр
АО_АПК_БЕЛИФФ_ГАЗ,Газы,,1400.0,,50,литр
АО_АПК_БЕЛИФФ_ГАЗ,Газы,,2350.0,,79,литр
АО_АПК_БЕЛИФФ_ГАЗ,Газы,,3620.0,,5,литр
АО_АПК_БЕЛИФФ_ГАЗ,Газы,,4500.0,,12,литр
АО_АПК_БЕЛИФФ_ГАЗ,Газы,,6300.0,,27,литр
АО_АПК_БЕЛИФФ_ГАЗ,Газы,,20000.0,,35,литр
АО_АПК_БЕЛИФФ_ГАЗ,Газы,,7890.0,,50,литр
АО_АПК_БЕЛИФФ_ГАЗ,Газы,,12300.0,,79,литр
АО_АПК_БЕЛИФФ_ГАЗ,Газы,,1431.0,,1,литр
АО_АПК_БЕЛИФФ_ГАЗ,Газы,,600.0,,5,литр
АО_АПК_БЕЛИФФ_ГАЗ,Газы,,600.0,,10,литр
АО_АПК_БЕЛИФФ_ГАЗ,Газы,,800.0,,20,литр
АО_АПК_БЕЛИФФ_ГАЗ,Газы,,1000.0,,40,литр
АО_АПК_БЕЛИФФ_ГАЗ,Газы,,5150.0,,5,литр
АО_АПК_БЕЛИФФ_ГАЗ,Газы,,6250.0,,10,литр
АО_АПК_БЕЛИФФ_ГАЗ,Газы,,11200.0,,20,литр
АО_АПК_БЕЛИФФ_ГАЗ,Газы,,16500.0,,40,литр
АО_АПК_БЕЛИФФ_ГАЗ,Газы,,,,5,литр
АО_АПК_БЕЛИФФ_ГАЗ,Газы,,,,10,литр
АО_АПК_БЕЛИФФ_ГАЗ,Газы,,,,20,литр
АО_АПК_БЕЛИФФ_ГАЗ,Газы,,14500.0,,40,литр
АО_АПК_БЕЛИФФ_ГАЗ,Газы,,600.0,,5,литр
АО_АПК_БЕЛИФФ_ГАЗ,Газы,,600.0,,10,литр
АО_АПК_БЕЛИФФ_ГАЗ,Газы,,800.0,,20,литр
АО_АПК_БЕЛИФФ_ГАЗ,Газы,,1000.0,,40,литр
АО_АПК_БЕЛИФФ_ГАЗ,Газы,,5150.0,,5,литр
АО_АПК_БЕЛИФФ_ГАЗ,Газы,,6250.0,,10,литр
АО_АПК_БЕЛИФФ_ГАЗ,Газы,,11200.0,,20,литр
АО_АПК_БЕЛИФФ_ГАЗ,Газы,,16500.0,,40,литр
АО_АПК_БЕЛИФФ_ГАЗ,Газы,,,,5,литр
АО_АПК_БЕЛИФФ_ГАЗ,Газы,,,,10,литр
АО_АПК_БЕЛИФФ_ГАЗ,Газы,,,,20,литр
АО_АПК_БЕЛИФФ_ГАЗ,Газы,,14500.0,,40,литр
АО_АПК_БЕЛИФФ_ГАЗ,Газы,,468.0,,1,кг
АО_АПК_БЕЛИФФ_ГАЗ,Газы,,702.0,,1,кг
АО_АПК_БЕЛИФФ_ГАЗ,Газы,,74800.0,,40,литр
АО_АПК_БЕЛИФФ_ГАЗ,Газы,,93900.0,,40,литр
АО_АПК_БЕЛИФФ_ГАЗ,Жидкие газы,,60.0,,1,литр
АО_АПК_БЕЛИФФ_ГАЗ,Жидкие газы,,33020.0,,4,литр
АО_АПК_БЕЛИФФ_ГАЗ,Жидкие газы,,36.0,,1,литр
АО_АПК_БЕЛИФФ_ГАЗ,Жидкие газы,,28.0,,1,литр
АО_АПК_БЕЛИФФ_ГАЗ,Жидкие газы,,60.0,,1,литр
АО_АПК_БЕЛИФФ_ГАЗ,Жидкие газы,,33020.0,,4,литр
АО_АПК_БЕЛИФФ_ГАЗ,Жидкие газы,,36.0,,1,литр
АО_АПК_БЕЛИФФ_ГАЗ,Жидкие газы,,28.0,,1,литр
АО_АПК_БЕЛИФФ_ГАЗ,Смеси сварочные,,,,10,литр
АО_АПК_БЕЛИФФ_ГАЗ,Смеси сварочные,,,,40,литр
АО_АПК_БЕЛИФФ_ГАЗ,Смеси сварочные,,2300.0,,10,литр
АО_АПК_БЕЛИФФ_ГАЗ,Смеси сварочные,,3500.0,,40,литр
АО_АПК_БЕЛИФФ_ГАЗ,Смеси сварочные,,7950.0,,10,литр
АО_АПК_БЕЛИФФ_ГАЗ,Смеси сварочные,,19000.0,,40,литр
АО_АПК_БЕЛИФФ_ГАЗ,Смеси сварочные,,,,10,литр
АО_АПК_БЕЛИФФ_ГАЗ,Смеси сварочные,,17000.0,,40,литр
АО_АПК_БЕЛИФФ_ГАЗ,Смеси сварочные,,2800.0,,10,литр
АО_АПК_БЕЛИФФ_ГАЗ,Смеси сварочные,,6500.0,,40,литр
АО_АПК_БЕЛИФФ_ГАЗ,Смеси сварочные,,8450.0,,10,литр
АО_АПК_БЕЛИФФ_ГАЗ,Смеси сварочные,,22000.0,,40,литр
АО_АПК_БЕЛИФФ_ГАЗ,Смеси сварочные,,,,10,литр
АО_АПК_БЕЛИФФ_ГАЗ,Смеси сварочные,,20000.0,,40,литр
АО_АПК_БЕЛИФФ_ГАЗ,Смеси сварочные,,,,10,литр
АО_АПК_БЕЛИФФ_ГАЗ,Смеси сварочные,,,,40,литр
АО_АПК_БЕЛИФФ_ГАЗ,Смеси сварочные,,,,10,литр
АО_АПК_БЕЛИФФ_ГАЗ,Смеси сварочные,,,,40,литр
АО_АПК_БЕЛИФФ_ГАЗ,Смеси сварочные,,1900.0,,10,литр
АО_АПК_БЕЛИФФ_ГАЗ,Смеси сварочные,,1900.0,,40,литр
АО_АПК_БЕЛИФФ_ГАЗ,Смеси сварочные,,7550.0,,10,литр
АО_АПК_БЕЛИФФ_ГАЗ,Смеси сварочные,,17400.0,,40,литр
АО_АПК_БЕЛИФФ_ГАЗ,Смеси сварочные,,,,10,литр
АО_АПК_БЕЛИФФ_ГАЗ,Смеси сварочные,,15400.0,,40,литр
АО_АПК_БЕЛИФФ_ГАЗ,Смеси сварочные,,1900.0,,10,литр
АО_АПК_БЕЛИФФ_ГАЗ,Смеси сварочные,,1900.0,,40,литр
АО_АПК_БЕЛИФФ_ГАЗ,Смеси сварочные,,7550.0,,10,литр
АО_АПК_БЕЛИФФ_ГАЗ,Смеси сварочные,,17400.0,,40,литр
АО_АПК_БЕЛИФФ_ГАЗ,Смеси сварочные,,,,10,литр
АО_АПК_БЕЛИФФ_ГАЗ,Смеси сварочные,,15400.0,,40,литр
АО_АПК_БЕЛИФФ_ГАЗ,Смеси сварочные,,1900.0,,10,литр
АО_АПК_БЕЛИФФ_ГАЗ,Смеси сварочные,,1900.0,,40,литр
АО_АПК_БЕЛИФФ_ГАЗ,Смеси сварочные,,7550.0,,10,литр
АО_АПК_БЕЛИФФ_ГАЗ,Смеси сварочные,,17400.0,,40,литр
АО_АПК_БЕЛИФФ_ГАЗ,Смеси сварочные,,,,10,литр
АО_АПК_БЕЛИФФ_ГАЗ,Смеси сварочные,,15400.0,,40,литр
АО_АПК_БЕЛИФФ_ГАЗ,Смеси сварочные,,1900.0,,10,литр
АО_АПК_БЕЛИФФ_ГАЗ,Смеси сварочные,,1900.0,,40,литр
АО_АПК_БЕЛИФФ_ГАЗ,Смеси сварочные,,7550.0,,10,литр
АО_АПК_БЕЛИФФ_ГАЗ,Смеси сварочные,,17400.0,,40,литр
АО_АПК_БЕЛИФФ_ГАЗ,Смеси сварочные,,,,10,литр
АО_АПК_БЕЛИФФ_ГАЗ,Смеси сварочные,,15400.0,,40,литр
АО_АПК_БЕЛИФФ_ГАЗ,Смеси сварочные,,1900.0,,10,литр
АО_АПК_БЕЛИФФ_ГАЗ,Смеси сварочные,,1900.0,,40,литр
АО_АПК_БЕЛИФФ_ГАЗ,Смеси сварочные,,7550.0,,10,литр
АО_АПК_БЕЛИФФ_ГАЗ,Смеси сварочные,,17400.0,,40,литр
АО_АПК_БЕЛИФФ_ГАЗ,Смеси сварочные,,,,10,литр
АО_АПК_БЕЛИФФ_ГАЗ,Смеси сварочные,,15400.0,,40,литр
АО_АПК_БЕЛИФФ_ГАЗ,Смеси сварочные,,1900.0,,10,литр
АО_АПК_БЕЛИФФ_ГАЗ,Смеси сварочные,,1900.0,,40,литр
АО_АПК_БЕЛИФФ_ГАЗ,Смеси сварочные,,7550.0,,10,литр
АО_АПК_БЕЛИФФ_ГАЗ,Смеси сварочные,,17400.0,,40,литр
АО_АПК_БЕЛИФФ_ГАЗ,Смеси сварочные,,,,10,литр
АО_АПК_БЕЛИФФ_ГАЗ,Смеси сварочные,,15400.0,,40,литр
АО_АПК_БЕЛИФФ_ГАЗ,Смеси пищевые,,,,10,литр
АО_АПК_БЕЛИФФ_ГАЗ,Смеси пищевые,,,,20,литр
АО_АПК_БЕЛИФФ_ГАЗ,Смеси пищевые,,,,40,литр
АО_АПК_БЕЛИФФ_ГАЗ,Смеси пищевые,,,,50,литр
АО_АПК_БЕЛИФФ_ГАЗ,Смеси пищевые,,,,10,литр
АО_АПК_БЕЛИФФ_ГАЗ,Смеси пищевые,,,,20,литр
АО_АПК_БЕЛИФФ_ГАЗ,Смеси пищевые,,,,40,литр
АО_АПК_БЕЛИФФ_ГАЗ,Смеси пищевые,,,,50,литр
АО_АПК_БЕЛИФФ_ГАЗ,Смеси пищевые,,,,10,литр
АО_АПК_БЕЛИФФ_ГАЗ,Смеси пищевые,,,,20,литр
АО_АПК_БЕЛИФФ_ГАЗ,Смеси пищевые,,1400.0,,40,литр
АО_АПК_БЕЛИФФ_ГАЗ,Смеси пищевые,,,,50,литр
АО_АПК_БЕЛИФФ_ГАЗ,Смеси лазерные,,7100.0,,10,литр
АО_АПК_БЕЛИФФ_ГАЗ,Смеси лазерные,,16000.0,,40,литр
АО_АПК_БЕЛИФФ_ГАЗ,Смеси лазерные,,,,10,литр
АО_АПК_БЕЛИФФ_ГАЗ,Смеси лазерные,,31500.0,,40,литр
АО_АПК_БЕЛИФФ_ГАЗ,Смеси лазерные,,13500.0,,10,литр
АО_АПК_БЕЛИФФ_ГАЗ,Смеси лазерные,,25000.0,,40,литр
АО_АПК_БЕЛИФФ_ГАЗ,Смеси лазерные,,,,10,литр
АО_АПК_БЕЛИФФ_ГАЗ,Смеси лазерные,,40500.0,,40,литр
АО_АПК_БЕЛИФФ_ГАЗ,Смеси лазерные,,1600.0,,10,литр
АО_АПК_БЕЛИФФ_ГАЗ,Смеси лазерные,,2300.0,,40,литр
АО_АПК_БЕЛИФФ_ГАЗ,Смеси лазерные,,,,10,литр
АО_АПК_БЕЛИФФ_ГАЗ,Смеси лазерные,,17800.0,,40,литр
АО_АПК_БЕЛИФФ_ГАЗ,Смеси для стерилизации,,,,10,литр
АО_АПК_БЕЛИФФ_ГАЗ,Смеси для стерилизации,,,,40,литр
АО_АПК_БЕЛИФФ_ГАЗ,Смеси медицинского назначения,,1900.0,,10,литр
АО_АПК_БЕЛИФФ_ГАЗ,Смеси медицинского назначения,,2500.0,,40,литр
АО_АПК_БЕЛИФФ_ГАЗ,Смеси медицинского назначения,,,,10,литр
АО_АПК_БЕЛИФФ_ГАЗ,Смеси медицинского назначения,,18000.0,,40,литр
АО_АПК_БЕЛИФФ_ГАЗ,Смеси медицинского назначения,,3000.0,,10,литр
АО_АПК_БЕЛИФФ_ГАЗ,Смеси медицинского назначения,,6600.0,,40,литр
АО_АПК_БЕЛИФФ_ГАЗ,Смеси медицинского назначения,,,,10,литр
АО_АПК_БЕЛИФФ_ГАЗ,Смеси медицинского назначения,,22100.0,,40,литр
АО_АПК_БЕЛИФФ_ГАЗ,Смеси медицинского назначения,,5900.0,,10,литр
АО_АПК_БЕЛИФФ_ГАЗ,Смеси медицинского назначения,,11300.0,,40,литр
АО_АПК_БЕЛИФФ_ГАЗ,Смеси медицинского назначения,,,,10,литр
АО_АПК_БЕЛИФФ_ГАЗ,Смеси медицинского назначения,,26800.0,,40,литр
АО_АПК_БЕЛИФФ_ГАЗ,Смеси медицинского назначения,,12000.0,,10,литр
АО_АПК_БЕЛИФФ_ГАЗ,Смеси медицинского назначения,,17000.0,,40,литр
АО_АПК_БЕЛИФФ_ГАЗ,Смеси медицинского назначения,,,,10,литр
АО_АПК_БЕЛИФФ_ГАЗ,Смеси медицинского назначения,,32500.0,,40,литр
АО_АПК_БЕЛИФФ_ГАЗ,Смеси медицинского назначения,,15000.0,,10,литр
АО_АПК_БЕЛИФФ_ГАЗ,Смеси медицинского назначения,,25000.0,,40,литр
АО_АПК_БЕЛИФФ_ГАЗ,Смеси медицинского назначения,,,,10,литр
АО_АПК_БЕЛИФФ_ГАЗ,Смеси медицинского назначения,,40500.0,,40,литр
АО_АПК_БЕЛИФФ_ГАЗ,Смеси медицинского назначения,,2500.0,,10,литр
АО_АПК_БЕЛИФФ_ГАЗ,Смеси медицинского назначения,,3500.0,,40,литр
АО_АПК_БЕЛИФФ_ГАЗ,Смеси медицинского назначения,,,,10,литр
АО_АПК_БЕЛИФФ_ГАЗ,Смеси медицинского назначения,,19000.0,,40,литр
АО_АПК_БЕЛИФФ_ГАЗ,Смеси медицинского назначения,,2500.0,,10,литр
АО_АПК_БЕЛИФФ_ГАЗ,Смеси медицинского назначения,,3500.0,,40,литр
АО_АПК_БЕЛИФФ_ГАЗ,Смеси медицинского назначения,,,,10,литр
АО_АПК_БЕЛИФФ_ГАЗ,Смеси медицинского назначения,,19000.0,,40,литр
АО_АПК_БЕЛИФФ_ГАЗ,Смеси медицинского назначения,,,,10,литр
АО_АПК_БЕЛИФФ_ГАЗ,Смеси медицинского назначения,,,,40,литр
АО_АПК_БЕЛИФФ_ГАЗ,Смеси медицинского назначения,,,,10,литр
АО_АПК_БЕЛИФФ_ГАЗ,Смеси медицинского назначения,,,,40,литр
АО_АПК_БЕЛИФФ_ГАЗ,Смеси медицинского назначения,,,,10,литр
АО_АПК_БЕЛИФФ_ГАЗ,Смеси медицинского назначения,,,,40,литр
АО_АПК_БЕЛИФФ_ГАЗ,Смеси Технические (ТГС),,4800.0,,10,литр
АО_АПК_БЕЛИФФ_ГАЗ,Смеси Технические (ТГС),,14500.0,,40,литр
АО_АПК_БЕЛИФФ_ГАЗ,Смеси Технические (ТГС),,10450.0,,10,литр
АО_АПК_БЕЛИФФ_ГАЗ,Смеси Технические (ТГС),,33600.0,,40,литр
АО_АПК_БЕЛИФФ_ГАЗ,Смеси Технические (ТГС),,5500.0,,10,литр
АО_АПК_БЕЛИФФ_ГАЗ,Смеси Технические (ТГС),,15500.0,,40,литр
АО_АПК_БЕЛИФФ_ГАЗ,Смеси Технические (ТГС),,11150.0,,10,литр
АО_АПК_БЕЛИФФ_ГАЗ,Смеси Технические (ТГС),,34600.0,,40,литр
АО_АПК_БЕЛИФФ_ГАЗ,Смеси Технические (ТГС),,8500.0,,10,литр
АО_АПК_БЕЛИФФ_ГАЗ,Смеси Технические (ТГС),,19000.0,,40,литр
АО_АПК_БЕЛИФФ_ГАЗ,Смеси Технические (ТГС),,14150.0,,10,литр
АО_АПК_БЕЛИФФ_ГАЗ,Смеси Технические (ТГС),,38100.0,,40,литр
АО_АПК_БЕЛИФФ_ГАЗ,Смеси Технические (ТГС),,3500.0,,10,литр
АО_АПК_БЕЛИФФ_ГАЗ,Смеси Технические (ТГС),,6000.0,,40,литр
АО_АПК_БЕЛИФФ_ГАЗ,Смеси Технические (ТГС),,9150.0,,10,литр
АО_АПК_БЕЛИФФ_ГАЗ,Смеси Технические (ТГС),,25100.0,,40,литр
АО_АПК_БЕЛИФФ_ГАЗ,Смеси Технические (ТГС),,5000.0,,10,литр
АО_АПК_БЕЛИФФ_ГАЗ,Смеси Технические (ТГС),,14500.0,,40,литр
АО_АПК_БЕЛИФФ_ГАЗ,Смеси Технические (ТГС),,10650.0,,10,литр
АО_АПК_БЕЛИФФ_ГАЗ,Смеси Технические (ТГС),,33600.0,,40,литр
АО_АПК_БЕЛИФФ_ГАЗ,Смеси Технические (ТГС),,5500.0,,10,литр
АО_АПК_БЕЛИФФ_ГАЗ,Смеси Технические (ТГС),,20500.0,,40,литр
АО_АПК_БЕЛИФФ_ГАЗ,Смеси Технические (ТГС),,11150.0,,10,литр
АО_АПК_БЕЛИФФ_ГАЗ,Смеси Технические (ТГС),,39600.0,,40,литр
АО_АПК_БЕЛИФФ_ГАЗ,Смеси Технические (ТГС),,5000.0,,10,литр
АО_АПК_БЕЛИФФ_ГАЗ,Смеси Технические (ТГС),,14500.0,,40,литр
АО_АПК_БЕЛИФФ_ГАЗ,Смеси Технические (ТГС),,10650.0,,10,литр
АО_АПК_БЕЛИФФ_ГАЗ,Смеси Технические (ТГС),,33600.0,,40,литр
АО_АПК_БЕЛИФФ_ГАЗ,Смеси эксимерные,,,,10,литр
АО_АПК_БЕЛИФФ_ГАЗ,Смеси эксимерные,,,,40,литр
АО_АПК_БЕЛИФФ_ГАЗ,Смеси эксимерные,,,,10,литр
АО_АПК_БЕЛИФФ_ГАЗ,Смеси эксимерные,,,,40,литр
АО_АПК_БЕЛИФФ_ГАЗ,Смеси эксимерные,,,,10,литр
АО_АПК_БЕЛИФФ_ГАЗ,Смеси эксимерные,,,,40,литр
АО_АПК_БЕЛИФФ_ГАЗ,Смеси эксимерные,,,,10,литр
АО_АПК_БЕЛИФФ_ГАЗ,Смеси эксимерные,,,,40,литр
АО_АПК_БЕЛИФФ_ГАЗ,Смеси эксимерные,,,,10,литр
АО_АПК_БЕЛИФФ_ГАЗ,Смеси эксимерные,,,,40,литр
АО_АПК_БЕЛИФФ_ГАЗ,Смеси эксимерные,,,,10,литр
АО_АПК_БЕЛИФФ_ГАЗ,Смеси эксимерные,,,,40,литр
АО_АПК_БЕЛИФФ_ГАЗ,Припои,,3088.0,,,
АО_АПК_БЕЛИФФ_ГАЗ,Припои,,3136.0,,,
АО_АПК_БЕЛИФФ_ГАЗ,Припои,,2442.0,,,
АО_АПК_БЕЛИФФ_ГАЗ,Припои,,2275.0,,,
АО_АПК_БЕЛИФФ_ГАЗ,Припои,,2348.0,,,
АО_АПК_БЕЛИФФ_ГАЗ,Припои,,2321.0,,,
АО_АПК_БЕЛИФФ_ГАЗ,Припои,,6409.0,,,
АО_АПК_БЕЛИФФ_ГАЗ,Припои,,6409.0,,,
АО_АПК_БЕЛИФФ_ГАЗ,Припои,,6409.0,,,
АО_АПК_БЕЛИФФ_ГАЗ,Припои,,6409.0,,,
АО_АПК_БЕЛИФФ_ГАЗ,Припои,,6409.0,,,
АО_АПК_БЕЛИФФ_ГАЗ,Припои,,34300.0,,,
АО_АПК_БЕЛИФФ_ГАЗ,Припои,,34825.0,,,
АО_АПК_БЕЛИФФ_ГАЗ,Припои,,34558.0,,,
АО_АПК_БЕЛИФФ_ГАЗ,Припои,,6373.0,,,
АО_АПК_БЕЛИФФ_ГАЗ,Припои,,6373.0,,,
АО_АПК_БЕЛИФФ_ГАЗ,Припои,,6373.0,,,
АО_АПК_БЕЛИФФ_ГАЗ,Припои,,6373.0,,,
АО_АПК_БЕЛИФФ_ГАЗ,Припои,,6373.0,,,
АО_АПК_БЕЛИФФ_ГАЗ,Припои,,6104.0,,,
АО_АПК_БЕЛИФФ_ГАЗ,Припои,,6104.0,,,
АО_АПК_БЕЛИФФ_ГАЗ,Припои,,6144.0,,,
АО_АПК_БЕЛИФФ_ГАЗ,Припои,,6144.0,,,
АО_АПК_БЕЛИФФ_ГАЗ,Припои,,6144.0,,,
АО_АПК_БЕЛИФФ_ГАЗ,Припои,,6424.0,,,
АО_АПК_БЕЛИФФ_ГАЗ,Припои,,5544.0,,,
АО_АПК_БЕЛИФФ_ГАЗ,Припои,,5544.0,,,
АО_АПК_БЕЛИФФ_ГАЗ,Припои,,4309.0,,,
АО_АПК_БЕЛИФФ_ГАЗ,Припои,,4309.0,,,
АО_АПК_БЕЛИФФ_ГАЗ,Припои,,3710.0,,,
АО_АПК_БЕЛИФФ_ГАЗ,Припои,,3710.0,,,
АО_АПК_БЕЛИФФ_ГАЗ,Припои,,4060.0,,,
АО_АПК_БЕЛИФФ_ГАЗ,Припои,,4060.0,,,
АО_АПК_БЕЛИФФ_ГАЗ,Припои,,5250.0,,,
АО_АПК_БЕЛИФФ_ГАЗ,Припои,,4620.0,,,
АО_АПК_БЕЛИФФ_ГАЗ,Припои,,4620.0,,,
АО_АПК_БЕЛИФФ_ГАЗ,Припои,,4620.0,,,
АО_АПК_БЕЛИФФ_ГАЗ,Припои,,5250.0,,,
АО_АПК_БЕЛИФФ_ГАЗ,Припои,,6440.0,,,
АО_АПК_БЕЛИФФ_ГАЗ,Припои,,6440.0,,,
АО_АПК_БЕЛИФФ_ГАЗ,Припои,,3500.0,,,
АО_АПК_БЕЛИФФ_ГАЗ,Припои,,3500.0,,,
АО_АПК_БЕЛИФФ_ГАЗ,Припои,,6020.0,,,
АО_АПК_БЕЛИФФ_ГАЗ,Припои,,3500.0,,,
АО_АПК_БЕЛИФФ_ГАЗ,Припои,,3500.0,,,
АО_АПК_БЕЛИФФ_ГАЗ,Припои,,2058.0,,,
АО_АПК_БЕЛИФФ_ГАЗ,Припои,,2058.0,,,
АО_АПК_БЕЛИФФ_ГАЗ,Припои,,2058.0,,,
АО_АПК_БЕЛИФФ_ГАЗ,Припои,,2058.0,,,
АО_АПК_БЕЛИФФ_ГАЗ,Припои,,13860.0,,,
АО_АПК_БЕЛИФФ_ГАЗ,Припои,,3220.0,,,
АО_АПК_БЕЛИФФ_ГАЗ,Припои,,3220.0,,,
АО_АПК_БЕЛИФФ_ГАЗ,Припои,,3220.0,,,
АО_АПК_БЕЛИФФ_ГАЗ,Припои,,3220.0,,,
АО_АПК_БЕЛИФФ_ГАЗ,Припои,,3220.0,,,
АО_АПК_БЕЛИФФ_ГАЗ,Припои,,3220.0,,,
АО_АПК_БЕЛИФФ_ГАЗ,Припои,,4998.0,,,
АО_АПК_БЕЛИФФ_ГАЗ,Припои,,15120.0,,,
АО_АПК_БЕЛИФФ_ГАЗ,Припои,,13860.0,,,
АО_АПК_БЕЛИФФ_ГАЗ,Припои,,5964.0,,,
АО_АПК_БЕЛИФФ_ГАЗ,Припои,,8400.0,,,
АО_АПК_БЕЛИФФ_ГАЗ,Припои,,6224.0,,,
АО_АПК_БЕЛИФФ_ГАЗ,Припои,,5964.0,,,
АО_АПК_БЕЛИФФ_ГАЗ,Припои,,6020.0,,,
АО_АПК_БЕЛИФФ_ГАЗ,Припои,,8400.0,,,
АО_АПК_БЕЛИФФ_ГАЗ,Припои,,39200.0,,,
АО_АПК_БЕЛИФФ_ГАЗ,Припои,,4060.0,,,
АО_АПК_БЕЛИФФ_ГАЗ,Припои,,4200.0,,,
АО_АПК_БЕЛИФФ_ГАЗ,Припои,,5040.0,,,
АО_АПК_БЕЛИФФ_ГАЗ,Припои,,5040.0,,,
АО_АПК_БЕЛИФФ_ГАЗ,Припои,,6092.0,,,
АО_АПК_БЕЛИФФ_ГАЗ,Припои,,6100.0,,,
АО_АПК_БЕЛИФФ_ГАЗ,Припои,,6112.0,,,
АО_АПК_БЕЛИФФ_ГАЗ,Припои,,6112.0,,,
АО_АПК_БЕЛИФФ_ГАЗ,Припои,,6155.0,,,
АО_АПК_БЕЛИФФ_ГАЗ,Припои,,6282.0,,,
АО_АПК_БЕЛИФФ_ГАЗ,Припои,,6322.0,,,
АО_АПК_БЕЛИФФ_ГАЗ,Припои,,6445.0,,,
АО_АПК_БЕЛИФФ_ГАЗ,Припои,,6187.0,,,
АО_АПК_БЕЛИФФ_ГАЗ,Припои,,6290.0,,,
АО_АПК_БЕЛИФФ_ГАЗ,Припои,,6371.0,,,
АО_АПК_БЕЛИФФ_ГАЗ,Припои,,6520.0,,,
АО_АПК_БЕЛИФФ_ГАЗ,Припои,,6766.0,,,
АО_АПК_БЕЛИФФ_ГАЗ,Припои,,3797.0,,,
АО_АПК_БЕЛИФФ_ГАЗ,Припои,,3803.0,,,
АО_АПК_БЕЛИФФ_ГАЗ,Припои,,3812.0,,,
АО_АПК_БЕЛИФФ_ГАЗ,Припои,,3836.0,,,
АО_АПК_БЕЛИФФ_ГАЗ,Припои,,3855.0,,,
АО_АПК_БЕЛИФФ_ГАЗ,Припои,,3982.0,,,
АО_АПК_БЕЛИФФ_ГАЗ,Припои,,4056.0,,,
АО_АПК_БЕЛИФФ_ГАЗ,Припои,,4180.0,,,
АО_АПК_БЕЛИФФ_ГАЗ,Припои,,3884.0,,,
АО_АПК_БЕЛИФФ_ГАЗ,Припои,,3987.0,,,
АО_АПК_БЕЛИФФ_ГАЗ,Припои,,4077.0,,,
АО_АПК_БЕЛИФФ_ГАЗ,Припои,,4211.0,,,
АО_АПК_БЕЛИФФ_ГАЗ,Припои,,4435.0,,,
АО_АПК_БЕЛИФФ_ГАЗ,Припои,,3219.0,,,
АО_АПК_БЕЛИФФ_ГАЗ,Припои,,3224.0,,,
АО_АПК_БЕЛИФФ_ГАЗ,Припои,,3235.0,,,
АО_АПК_БЕЛИФФ_ГАЗ,Припои,,3258.0,,,
АО_АПК_БЕЛИФФ_ГАЗ,Припои,,3275.0,,,
АО_АПК_БЕЛИФФ_ГАЗ,Припои,,3389.0,,,
АО_АПК_БЕЛИФФ_ГАЗ,Припои,,3457.0,,,
АО_АПК_БЕЛИФФ_ГАЗ,Припои,,3569.0,,,
АО_АПК_БЕЛИФФ_ГАЗ,Припои,,3308.0,,,
АО_АПК_БЕЛИФФ_ГАЗ,Припои,,3422.0,,,
АО_АПК_БЕЛИФФ_ГАЗ,Припои,,3521.0,,,
АО_АПК_БЕЛИФФ_ГАЗ,Припои,,3669.0,,,
АО_АПК_БЕЛИФФ_ГАЗ,Припои,,3915.0,,,
АО_АПК_БЕЛИФФ_ГАЗ,Припои,,2643.0,,,
АО_АПК_БЕЛИФФ_ГАЗ,Припои,,2649.0,,,
АО_АПК_БЕЛИФФ_ГАЗ,Припои,,2660.0,,,
АО_АПК_БЕЛИФФ_ГАЗ,Припои,,2683.0,,,
АО_АПК_БЕЛИФФ_ГАЗ,Припои,,2699.0,,,
АО_АПК_БЕЛИФФ_ГАЗ,Припои,,2814.0,,,
АО_АПК_БЕЛИФФ_ГАЗ,Припои,,2881.0,,,
АО_АПК_БЕЛИФФ_ГАЗ,Припои,,2993.0,,,
АО_АПК_БЕЛИФФ_ГАЗ,Припои,,2733.0,,,
АО_АПК_БЕЛИФФ_ГАЗ,Припои,,2836.0,,,
АО_АПК_БЕЛИФФ_ГАЗ,Припои,,2926.0,,,
АО_АПК_БЕЛИФФ_ГАЗ,Припои,,3060.0,,,
АО_АПК_БЕЛИФФ_ГАЗ,Припои,,3284.0,,,
АО_АПК_БЕЛИФФ_ГАЗ,Припои,,2356.0,,,
АО_АПК_БЕЛИФФ_ГАЗ,Припои,,2362.0,,,
АО_АПК_БЕЛИФФ_ГАЗ,Припои,,2373.0,,,
АО_АПК_БЕЛИФФ_ГАЗ,Припои,,2395.0,,,
АО_АПК_БЕЛИФФ_ГАЗ,Припои,,2412.0,,,
АО_АПК_БЕЛИФФ_ГАЗ,Припои,,2527.0,,,
АО_АПК_БЕЛИФФ_ГАЗ,Припои,,2594.0,,,
АО_АПК_БЕЛИФФ_ГАЗ,Припои,,2706.0,,,
АО_АПК_БЕЛИФФ_ГАЗ,Припои,,2446.0,,,
АО_АПК_БЕЛИФФ_ГАЗ,Припои,,2550.0,,,
АО_АПК_БЕЛИФФ_ГАЗ,Припои,,2639.0,,,
АО_АПК_БЕЛИФФ_ГАЗ,Припои,,2773.0,,,
АО_АПК_БЕЛИФФ_ГАЗ,Припои,,2997.0,,,
АО_АПК_БЕЛИФФ_ГАЗ,Припои,,2077.0,,,
АО_АПК_БЕЛИФФ_ГАЗ,Припои,,2073.0,,,
АО_АПК_БЕЛИФФ_ГАЗ,Припои,,2085.0,,,
АО_АПК_БЕЛИФФ_ГАЗ,Припои,,2107.0,,,
АО_АПК_БЕЛИФФ_ГАЗ,Припои,,2124.0,,,
АО_АПК_БЕЛИФФ_ГАЗ,Припои,,2239.0,,,
АО_АПК_БЕЛИФФ_ГАЗ,Припои,,2306.0,,,
АО_АПК_БЕЛИФФ_ГАЗ,Припои,,2418.0,,,
АО_АПК_БЕЛИФФ_ГАЗ,Припои,,2157.0,,,
АО_АПК_БЕЛИФФ_ГАЗ,Припои,,2261.0,,,
АО_АПК_БЕЛИФФ_ГАЗ,Припои,,2351.0,,,
АО_АПК_БЕЛИФФ_ГАЗ,Припои,,2485.0,,,
АО_АПК_БЕЛИФФ_ГАЗ,Припои,,2709.0,,,
АО_АПК_БЕЛИФФ_ГАЗ,Припои,,1781.0,,,
АО_АПК_БЕЛИФФ_ГАЗ,Припои,,1786.0,,,
АО_АПК_БЕЛИФФ_ГАЗ,Припои,,1798.0,,,
АО_АПК_БЕЛИФФ_ГАЗ,Припои,,1820.0,,,
АО_АПК_БЕЛИФФ_ГАЗ,Припои,,1837.0,,,
АО_АПК_БЕЛИФФ_ГАЗ,Припои,,1952.0,,,
АО_АПК_БЕЛИФФ_ГАЗ,Припои,,2019.0,,,
АО_АПК_БЕЛИФФ_ГАЗ,Припои,,2131.0,,,
АО_АПК_БЕЛИФФ_ГАЗ,Припои,,1870.0,,,
АО_АПК_БЕЛИФФ_ГАЗ,Припои,,1974.0,,,
АО_АПК_БЕЛИФФ_ГАЗ,Припои,,2064.0,,,
АО_АПК_БЕЛИФФ_ГАЗ,Припои,,2198.0,,,
АО_АПК_БЕЛИФФ_ГАЗ,Припои,,2422.0,,,
АО_АПК_БЕЛИФФ_ГАЗ,Припои,,1378.0,,,
АО_АПК_БЕЛИФФ_ГАЗ,Припои,,1383.0,,,
АО_АПК_БЕЛИФФ_ГАЗ,Припои,,1394.0,,,
АО_АПК_БЕЛИФФ_ГАЗ,Припои,,1417.0,,,
АО_АПК_БЕЛИФФ_ГАЗ,Припои,,1434.0,,,
АО_АПК_БЕЛИФФ_ГАЗ,Припои,,1548.0,,,
АО_АПК_БЕЛИФФ_ГАЗ,Припои,,1616.0,,,
АО_АПК_БЕЛИФФ_ГАЗ,Припои,,1728.0,,,
АО_АПК_БЕЛИФФ_ГАЗ,Припои,,1468.0,,,
АО_АПК_БЕЛИФФ_ГАЗ,Припои,,1571.0,,,
АО_АПК_БЕЛИФФ_ГАЗ,Припои,,1661.0,,,
АО_АПК_БЕЛИФФ_ГАЗ,Припои,,1795.0,,,
АО_АПК_БЕЛИФФ_ГАЗ,Припои,,2019.0,,,
АО_АПК_БЕЛИФФ_ГАЗ,Припои,,2643.0,,,
АО_АПК_БЕЛИФФ_ГАЗ,Припои,,2649.0,,,
АО_АПК_БЕЛИФФ_ГАЗ,Припои,,2660.0,,,
АО_АПК_БЕЛИФФ_ГАЗ,Припои,,2682.0,,,
АО_АПК_БЕЛИФФ_ГАЗ,Припои,,2699.0,,,
АО_АПК_БЕЛИФФ_ГАЗ,Припои,,2814.0,,,
АО_АПК_БЕЛИФФ_ГАЗ,Припои,,2881.0,,,
АО_АПК_БЕЛИФФ_ГАЗ,Припои,,2993.0,,,
АО_АПК_БЕЛИФФ_ГАЗ,Припои,,2733.0,,,
АО_АПК_БЕЛИФФ_ГАЗ,Припои,,2836.0,,,
АО_АПК_БЕЛИФФ_ГАЗ,Припои,,2926.0,,,
АО_АПК_БЕЛИФФ_ГАЗ,Припои,,3060.0,,,
АО_АПК_БЕЛИФФ_ГАЗ,Припои,,3284.0,,,
АО_АПК_БЕЛИФФ_ГАЗ,Припои,,2068.0,,,
АО_АПК_БЕЛИФФ_ГАЗ,Припои,,2073.0,,,
АО_АПК_БЕЛИФФ_ГАЗ,Припои,,2085.0,,,
АО_АПК_БЕЛИФФ_ГАЗ,Припои,,2121.0,,,
АО_АПК_БЕЛИФФ_ГАЗ,Припои,,2124.0,,,
АО_АПК_БЕЛИФФ_ГАЗ,Припои,,2239.0,,,
АО_АПК_БЕЛИФФ_ГАЗ,Припои,,2306.0,,,
АО_АПК_БЕЛИФФ_ГАЗ,Припои,,2418.0,,,
АО_АПК_БЕЛИФФ_ГАЗ,Припои,,2158.0,,,
АО_АПК_БЕЛИФФ_ГАЗ,Припои,,2261.0,,,
АО_АПК_БЕЛИФФ_ГАЗ,Припои,,2351.0,,,
АО_АПК_БЕЛИФФ_ГАЗ,Припои,,2485.0,,,
АО_АПК_БЕЛИФФ_ГАЗ,Припои,,2709.0,,,
АО_АПК_БЕЛИФФ_ГАЗ,Припои,,1781.0,,,
АО_АПК_БЕЛИФФ_ГАЗ,Припои,,1786.0,,,
АО_АПК_БЕЛИФФ_ГАЗ,Припои,,1798.0,,,
АО_АПК_БЕЛИФФ_ГАЗ,Припои,,1820.0,,,
АО_АПК_БЕЛИФФ_ГАЗ,Припои,,1837.0,,,
АО_АПК_БЕЛИФФ_ГАЗ,Припои,,1952.0,,,
АО_АПК_БЕЛИФФ_ГАЗ,Припои,,2019.0,,,
АО_АПК_БЕЛИФФ_ГАЗ,Припои,,2131.0,,,
АО_АПК_БЕЛИФФ_ГАЗ,Припои,,1870.0,,,
АО_АПК_БЕЛИФФ_ГАЗ,Припои,,1974.0,,,
АО_АПК_БЕЛИФФ_ГАЗ,Припои,,2064.0,,,
АО_АПК_БЕЛИФФ_ГАЗ,Припои,,2198.0,,,
АО_АПК_БЕЛИФФ_ГАЗ,Припои,,2422.0,,,
АО_АПК_БЕЛИФФ_ГАЗ,Припои,,1378.0,,,
АО_АПК_БЕЛИФФ_ГАЗ,Припои,,1383.0,,,
АО_АПК_БЕЛИФФ_ГАЗ,Припои,,1394.0,,,
АО_АПК_БЕЛИФФ_ГАЗ,Припои,,1417.0,,,
АО_АПК_БЕЛИФФ_ГАЗ,Припои,,1434.0,,,
АО_АПК_БЕЛИФФ_ГАЗ,Припои,,1548.0,,,
АО_АПК_БЕЛИФФ_ГАЗ,Припои,,1616.0,,,
АО_АПК_БЕЛИФФ_ГАЗ,Припои,,1728.0,,,
АО_АПК_БЕЛИФФ_ГАЗ,Припои,,1468.0,,,
АО_АПК_БЕЛИФФ_ГАЗ,Припои,,1571.0,,,
АО_АПК_БЕЛИФФ_ГАЗ,Припои,,1661.0,,,
АО_АПК_БЕЛИФФ_ГАЗ,Припои,,1795.0,,,
АО_АПК_БЕЛИФФ_ГАЗ,Припои,,2019.0,,,
АО_АПК_БЕЛИФФ_ГАЗ,Припои,,867.0,,,
АО_АПК_БЕЛИФФ_ГАЗ,Припои,,872.0,,,
АО_АПК_БЕЛИФФ_ГАЗ,Припои,,883.0,,,
АО_АПК_БЕЛИФФ_ГАЗ,Припои,,906.0,,,
АО_АПК_БЕЛИФФ_ГАЗ,Припои,,923.0,,,
АО_АПК_БЕЛИФФ_ГАЗ,Припои,,1037.0,,,
АО_АПК_БЕЛИФФ_ГАЗ,Припои,,1105.0,,,
АО_АПК_БЕЛИФФ_ГАЗ,Припои,,1217.0,,,
АО_АПК_БЕЛИФФ_ГАЗ,Припои,,956.0,,,
АО_АПК_БЕЛИФФ_ГАЗ,Припои,,1060.0,,,
АО_АПК_БЕЛИФФ_ГАЗ,Припои,,1149.0,,,
АО_АПК_БЕЛИФФ_ГАЗ,Припои,,1284.0,,,
АО_АПК_БЕЛИФФ_ГАЗ,Припои,,1508.0,,,
АО_АПК_БЕЛИФФ_ГАЗ,Припои,,3959.0,,,
АО_АПК_БЕЛИФФ_ГАЗ,Припои,,3965.0,,,
АО_АПК_БЕЛИФФ_ГАЗ,Припои,,3976.0,,,
АО_АПК_БЕЛИФФ_ГАЗ,Припои,,3998.0,,,
АО_АПК_БЕЛИФФ_ГАЗ,Припои,,4015.0,,,
АО_АПК_БЕЛИФФ_ГАЗ,Припои,,4130.0,,,
АО_АПК_БЕЛИФФ_ГАЗ,Припои,,4197.0,,,
АО_АПК_БЕЛИФФ_ГАЗ,Припои,,4309.0,,,
АО_АПК_БЕЛИФФ_ГАЗ,Припои,,4049.0,,,
АО_АПК_БЕЛИФФ_ГАЗ,Припои,,4152.0,,,
АО_АПК_БЕЛИФФ_ГАЗ,Припои,,4242.0,,,
АО_АПК_БЕЛИФФ_ГАЗ,Припои,,4376.0,,,
АО_АПК_БЕЛИФФ_ГАЗ,Припои,,4600.0,,,
АО_АПК_БЕЛИФФ_ГАЗ,Припои,,846.0,,,
АО_АПК_БЕЛИФФ_ГАЗ,Припои,,852.0,,,
АО_АПК_БЕЛИФФ_ГАЗ,Припои,,863.0,,,
АО_АПК_БЕЛИФФ_ГАЗ,Припои,,885.0,,,
АО_АПК_БЕЛИФФ_ГАЗ,Припои,,902.0,,,
АО_АПК_БЕЛИФФ_ГАЗ,Припои,,1017.0,,,
АО_АПК_БЕЛИФФ_ГАЗ,Припои,,1084.0,,,
АО_АПК_БЕЛИФФ_ГАЗ,Припои,,854.0,,,
АО_АПК_БЕЛИФФ_ГАЗ,Припои,,936.0,,,
АО_АПК_БЕЛИФФ_ГАЗ,Припои,,1039.0,,,
АО_АПК_БЕЛИФФ_ГАЗ,Припои,,1129.0,,,
АО_АПК_БЕЛИФФ_ГАЗ,Припои,,1263.0,,,
АО_АПК_БЕЛИФФ_ГАЗ,Припои,,1487.0,,,
АО_АПК_БЕЛИФФ_ГАЗ,Припои,,1882.0,,,
АО_АПК_БЕЛИФФ_ГАЗ,Припои,,1888.0,,,
АО_АПК_БЕЛИФФ_ГАЗ,Припои,,1899.0,,,
АО_АПК_БЕЛИФФ_ГАЗ,Припои,,1921.0,,,
АО_АПК_БЕЛИФФ_ГАЗ,Припои,,1938.0,,,
АО_АПК_БЕЛИФФ_ГАЗ,Припои,,2053.0,,,
АО_АПК_БЕЛИФФ_ГАЗ,Припои,,2120.0,,,
АО_АПК_БЕЛИФФ_ГАЗ,Припои,,2232.0,,,
АО_АПК_БЕЛИФФ_ГАЗ,Припои,,1972.0,,,
АО_АПК_БЕЛИФФ_ГАЗ,Припои,,1972.0,,,
АО_АПК_БЕЛИФФ_ГАЗ,Припои,,2165.0,,,
АО_АПК_БЕЛИФФ_ГАЗ,Припои,,2299.0,,,
АО_АПК_БЕЛИФФ_ГАЗ,Припои,,2523.0,,,
АО_АПК_БЕЛИФФ_ГАЗ,Припои,,3966.0,,,
АО_АПК_БЕЛИФФ_ГАЗ,Припои,,3918.0,,,
АО_АПК_БЕЛИФФ_ГАЗ,Припои,,3983.0,,,
АО_АПК_БЕЛИФФ_ГАЗ,Припои,,4005.0,,,
АО_АПК_БЕЛИФФ_ГАЗ,Припои,,4022.0,,,
АО_АПК_БЕЛИФФ_ГАЗ,Припои,,4137.0,,,
АО_АПК_БЕЛИФФ_ГАЗ,Припои,,4204.0,,,
АО_АПК_БЕЛИФФ_ГАЗ,Припои,,4316.0,,,
АО_АПК_БЕЛИФФ_ГАЗ,Припои,,4056.0,,,
АО_АПК_БЕЛИФФ_ГАЗ,Припои,,4159.0,,,
АО_АПК_БЕЛИФФ_ГАЗ,Припои,,4249.0,,,
АО_АПК_БЕЛИФФ_ГАЗ,Припои,,4383.0,,,
АО_АПК_БЕЛИФФ_ГАЗ,Припои,,4607.0,,,
АО_АПК_БЕЛИФФ_ГАЗ,Припои,,3794.0,,,
АО_АПК_БЕЛИФФ_ГАЗ,Припои,,3800.0,,,
АО_АПК_БЕЛИФФ_ГАЗ,Припои,,3811.0,,,
АО_АПК_БЕЛИФФ_ГАЗ,Припои,,3833.0,,,
АО_АПК_БЕЛИФФ_ГАЗ,Припои,,3841.0,,,
АО_АПК_БЕЛИФФ_ГАЗ,Припои,,3698.0,,,
АО_АПК_БЕЛИФФ_ГАЗ,Припои,,4041.0,,,
АО_АПК_БЕЛИФФ_ГАЗ,Припои,,4165.0,,,
АО_АПК_БЕЛИФФ_ГАЗ,Припои,,3879.0,,,
АО_АПК_БЕЛИФФ_ГАЗ,Припои,,3992.0,,,
АО_АПК_БЕЛИФФ_ГАЗ,Припои,,4091.0,,,
АО_АПК_БЕЛИФФ_ГАЗ,Припои,,4238.0,,,
АО_АПК_БЕЛИФФ_ГАЗ,Припои,,4485.0,,,
АО_АПК_БЕЛИФФ_ГАЗ,Припои,,2640.0,,,
АО_АПК_БЕЛИФФ_ГАЗ,Припои,,2647.0,,,
АО_АПК_БЕЛИФФ_ГАЗ,Припои,,2659.0,,,
АО_АПК_БЕЛИФФ_ГАЗ,Припои,,2683.0,,,
АО_АПК_БЕЛИФФ_ГАЗ,Припои,,2702.0,,,
АО_АПК_БЕЛИФФ_ГАЗ,Припои,,2828.0,,,
АО_АПК_БЕЛИФФ_ГАЗ,Припои,,2902.0,,,
АО_АПК_БЕЛИФФ_ГАЗ,Припои,,3025.0,,,
АО_АПК_БЕЛИФФ_ГАЗ,Припои,,2739.0,,,
АО_АПК_БЕЛИФФ_ГАЗ,Припои,,2852.0,,,
АО_АПК_БЕЛИФФ_ГАЗ,Припои,,2951.0,,,
АО_АПК_БЕЛИФФ_ГАЗ,Припои,,3099.0,,,
АО_АПК_БЕЛИФФ_ГАЗ,Припои,,3345.0,,,
АО_АПК_БЕЛИФФ_ГАЗ,Припои,,2355.0,,,
АО_АПК_БЕЛИФФ_ГАЗ,Припои,,2362.0,,,
АО_АПК_БЕЛИФФ_ГАЗ,Припои,,2374.0,,,
АО_АПК_БЕЛИФФ_ГАЗ,Припои,,2398.0,,,
АО_АПК_БЕЛИФФ_ГАЗ,Припои,,2417.0,,,
АО_АПК_БЕЛИФФ_ГАЗ,Припои,,2543.0,,,
АО_АПК_БЕЛИФФ_ГАЗ,Припои,,2617.0,,,
АО_АПК_БЕЛИФФ_ГАЗ,Припои,,2740.0,,,
АО_АПК_БЕЛИФФ_ГАЗ,Припои,,2454.0,,,
АО_АПК_БЕЛИФФ_ГАЗ,Припои,,2567.0,,,
АО_АПК_БЕЛИФФ_ГАЗ,Припои,,2666.0,,,
АО_АПК_БЕЛИФФ_ГАЗ,Припои,,2814.0,,,
АО_АПК_БЕЛИФФ_ГАЗ,Припои,,3060.0,,,
АО_АПК_БЕЛИФФ_ГАЗ,Припои,,5490.0,,,
АО_АПК_БЕЛИФФ_ГАЗ,Припои,,5497.0,,,
АО_АПК_БЕЛИФФ_ГАЗ,Припои,,5510.0,,,
АО_АПК_БЕЛИФФ_ГАЗ,Припои,,5534.0,,,
АО_АПК_БЕЛИФФ_ГАЗ,Припои,,5551.0,,,
АО_АПК_БЕЛИФФ_ГАЗ,Припои,,5678.0,,,
АО_АПК_БЕЛИФФ_ГАЗ,Припои,,5752.0,,,
АО_АПК_БЕЛИФФ_ГАЗ,Припои,,5875.0,,,
АО_АПК_БЕЛИФФ_ГАЗ,Припои,,5589.0,,,
АО_АПК_БЕЛИФФ_ГАЗ,Припои,,5704.0,,,
АО_АПК_БЕЛИФФ_ГАЗ,Припои,,5801.0,,,
АО_АПК_БЕЛИФФ_ГАЗ,Припои,,5950.0,,,
АО_АПК_БЕЛИФФ_ГАЗ,Припои,,6196.0,,,
АО_АПК_БЕЛИФФ_ГАЗ,Припои,,6468.0,,,
АО_АПК_БЕЛИФФ_ГАЗ,Припои,,3410.0,,,
АО_АПК_БЕЛИФФ_ГАЗ,Припои,,4158.0,,,
АО_АПК_БЕЛИФФ_ГАЗ,Припои,,3080.0,,,
АО_АПК_БЕЛИФФ_ГАЗ,Припои,,2541.0,,,
АО_АПК_БЕЛИФФ_ГАЗ,Припои,,2541.0,,,
АО_АПК_БЕЛИФФ_ГАЗ,Электроды,,510.0,,4.0,кг
АО_АПК_БЕЛИФФ_ГАЗ,Электроды,,490.0,,5.0,кг
АО_АПК_БЕЛИФФ_ГАЗ,Электроды,,280.0,,4.0,кг
АО_АПК_БЕЛИФФ_ГАЗ,Электроды,,280.0,,5.0,кг
АО_АПК_БЕЛИФФ_ГАЗ,Электроды,,299.0,,4.0,кг
АО_АПК_БЕЛИФФ_ГАЗ,Электроды,,299.0,,5.0,кг
АО_АПК_БЕЛИФФ_ГАЗ,Электроды,,1261.0,,3.0,кг
АО_АПК_БЕЛИФФ_ГАЗ,Электроды,,1261.0,,4.0,кг
АО_АПК_БЕЛИФФ_ГАЗ,Электроды,,1261.0,,5.0,кг
АО_АПК_БЕЛИФФ_ГАЗ,Электроды,,1800.0,,4.0,кг
АО_АПК_БЕЛИФФ_ГАЗ,Электроды,,1800.0,,5.0,кг
АО_АПК_БЕЛИФФ_ГАЗ,Электроды,,1600.0,,4.0,кг
АО_АПК_БЕЛИФФ_ГАЗ,Электроды,,1600.0,,5.0,кг
АО_АПК_БЕЛИФФ_ГАЗ,Электроды,,1066.0,,3.0,кг
АО_АПК_БЕЛИФФ_ГАЗ,Электроды,,1066.0,,4.0,кг
АО_АПК_БЕЛИФФ_ГАЗ,Электроды,,1066.0,,5.0,кг
АО_АПК_БЕЛИФФ_ГАЗ,Электроды,,364.0,,3.0,кг
АО_АПК_БЕЛИФФ_ГАЗ,Электроды,,364.0,,4.0,кг
АО_АПК_БЕЛИФФ_ГАЗ,Электроды,,364.0,,5.0,кг
АО_АПК_БЕЛИФФ_ГАЗ,Электроды,,510.0,,4.0,кг
АО_АПК_БЕЛИФФ_ГАЗ,Электроды,,490.0,,5.0,кг
АО_АПК_БЕЛИФФ_ГАЗ,Электроды,,1200.0,,3.0,кг
АО_АПК_БЕЛИФФ_ГАЗ,Электроды,,1200.0,,4.0,кг
АО_АПК_БЕЛИФФ_ГАЗ,Электроды,,1200.0,,5.0,кг
АО_АПК_БЕЛИФФ_ГАЗ,Электроды,,1846.0,,3.0,кг
АО_АПК_БЕЛИФФ_ГАЗ,Электроды,,1846.0,,4.0,кг
АО_АПК_БЕЛИФФ_ГАЗ,Электроды,,2000.0,,3.0,кг
АО_АПК_БЕЛИФФ_ГАЗ,Электроды,,2000.0,,4.0,кг
АО_АПК_БЕЛИФФ_ГАЗ,Электроды,,481.0,,3.0,кг
АО_АПК_БЕЛИФФ_ГАЗ,Электроды,,481.0,,4.0,кг
АО_АПК_БЕЛИФФ_ГАЗ,Электроды,,481.0,,5.0,кг
АО_АПК_БЕЛИФФ_ГАЗ,Электроды,,338.0,,3.0,кг
АО_АПК_БЕЛИФФ_ГАЗ,Электроды,,338.0,,4.0,кг
АО_АПК_БЕЛИФФ_ГАЗ,Электроды,,338.0,,5.0,кг
АО_АПК_БЕЛИФФ_ГАЗ,Электроды,,1001.0,,3.0,кг
АО_АПК_БЕЛИФФ_ГАЗ,Электроды,,1001.0,,4.0,кг
АО_АПК_БЕЛИФФ_ГАЗ,Электроды,,1001.0,,5.0,кг
АО_АПК_БЕЛИФФ_ГАЗ,Электроды,,,,2.0,кг
АО_АПК_БЕЛИФФ_ГАЗ,Электроды,,,,2.5,кг
АО_АПК_БЕЛИФФ_ГАЗ,Электроды,,390.0,,3.0,кг
АО_АПК_БЕЛИФФ_ГАЗ,Электроды,,390.0,,4.0,кг
АО_АПК_БЕЛИФФ_ГАЗ,Электроды,,390.0,,5.0,кг
АО_АПК_БЕЛИФФ_ГАЗ,Электроды,,430.0,,3.0,кг
АО_АПК_БЕЛИФФ_ГАЗ,Электроды,,430.0,,4.0,кг
АО_АПК_БЕЛИФФ_ГАЗ,Электроды,,430.0,,5.0,кг
АО_АПК_БЕЛИФФ_ГАЗ,Электроды,,330.0,,4.0,кг
АО_АПК_БЕЛИФФ_ГАЗ,Электроды,,330.0,,5.0,кг
АО_АПК_БЕЛИФФ_ГАЗ,Электроды,,520.0,,4.0,кг
АО_АПК_БЕЛИФФ_ГАЗ,Электроды,,520.0,,5.0,кг
АО_АПК_БЕЛИФФ_ГАЗ,Электроды,,1200.0,,3.0,кг
АО_АПК_БЕЛИФФ_ГАЗ,Электроды,,1200.0,,4.0,кг
АО_АПК_БЕЛИФФ_ГАЗ,Электроды,,1200.0,,5.0,кг
АО_АПК_БЕЛИФФ_ГАЗ,Электроды,,337.0,,3.0,кг
АО_АПК_БЕЛИФФ_ГАЗ,Электроды,,337.0,,4.0,кг
АО_АПК_БЕЛИФФ_ГАЗ,Электроды,,337.0,,5.0,кг
АО_АПК_БЕЛИФФ_ГАЗ,Электроды,,330.0,,3.0,кг
АО_АПК_БЕЛИФФ_ГАЗ,Электроды,,312.0,,4.0,кг
АО_АПК_БЕЛИФФ_ГАЗ,Электроды,,312.0,,5.0,кг
АО_АПК_БЕЛИФФ_ГАЗ,Электроды,,280.0,,3.0,кг
АО_АПК_БЕЛИФФ_ГАЗ,Электроды,,280.0,,4.0,кг
АО_АПК_БЕЛИФФ_ГАЗ,Электроды,,280.0,,5.0,кг
АО_АПК_БЕЛИФФ_ГАЗ,Электроды,,340.0,,3.0,кг
АО_АПК_БЕЛИФФ_ГАЗ,Электроды,,340.0,,4.0,кг
АО_АПК_БЕЛИФФ_ГАЗ,Электроды,,340.0,,5.0,кг
АО_АПК_БЕЛИФФ_ГАЗ,Электроды,,377.0,,2.5,кг
АО_АПК_БЕЛИФФ_ГАЗ,Электроды,,275.0,,3.0,кг
АО_АПК_БЕЛИФФ_ГАЗ,Электроды,,275.0,,4.0,кг
АО_АПК_БЕЛИФФ_ГАЗ,Электроды,,275.0,,5.0,кг
АО_АПК_БЕЛИФФ_ГАЗ,Электроды,,350.0,,3.0,кг
АО_АПК_БЕЛИФФ_ГАЗ,Электроды,,350.0,,4.0,кг
АО_АПК_БЕЛИФФ_ГАЗ,Электроды,,350.0,,5.0,кг
АО_АПК_БЕЛИФФ_ГАЗ,Электроды,,182.0,,3.0,кг
АО_АПК_БЕЛИФФ_ГАЗ,Электроды,,182.0,,4.0,кг
АО_АПК_БЕЛИФФ_ГАЗ,Электроды,,182.0,,5.0,кг
АО_АПК_БЕЛИФФ_ГАЗ,Электроды,,241.0,,2.5,кг
АО_АПК_БЕЛИФФ_ГАЗ,Электроды,,405.0,,2.5,кг
АО_АПК_БЕЛИФФ_ГАЗ,Электроды,,401.0,,3.0,кг
АО_АПК_БЕЛИФФ_ГАЗ,Электроды,,358.0,,4.0,кг
АО_АПК_БЕЛИФФ_ГАЗ,Электроды,,358.0,,5.0,кг
АО_АПК_БЕЛИФФ_ГАЗ,Электроды,,290.0,,2.5,кг
АО_АПК_БЕЛИФФ_ГАЗ,Электроды,,274.0,,3.0,кг
АО_АПК_БЕЛИФФ_ГАЗ,Электроды,,269.0,,4.0,кг
АО_АПК_БЕЛИФФ_ГАЗ,Электроды,,269.0,,5.0,кг
АО_АПК_БЕЛИФФ_ГАЗ,Электроды,,1950.0,,3.0,кг
АО_АПК_БЕЛИФФ_ГАЗ,Электроды,,1950.0,,4.0,кг
АО_АПК_БЕЛИФФ_ГАЗ,Электроды,,1950.0,,5.0,кг
АО_АПК_БЕЛИФФ_ГАЗ,Электроды,,1600.0,,3.0,кг
АО_АПК_БЕЛИФФ_ГАЗ,Электроды,,1600.0,,4.0,кг
АО_АПК_БЕЛИФФ_ГАЗ,Электроды,,1600.0,,5.0,кг
АО_АПК_БЕЛИФФ_ГАЗ,Электроды,,3800.0,,3.0,кг
АО_АПК_БЕЛИФФ_ГАЗ,Электроды,,3800.0,,4.0,кг
АО_АПК_БЕЛИФФ_ГАЗ,Электроды,,3800.0,,5.0,кг
АО_АПК_БЕЛИФФ_ГАЗ,Электроды,,7800.0,,3.0,кг
АО_АПК_БЕЛИФФ_ГАЗ,Электроды,,7800.0,,4.0,кг
АО_АПК_БЕЛИФФ_ГАЗ,Электроды,,7800.0,,5.0,кг
АО_АПК_БЕЛИФФ_ГАЗ,Электроды,,5616.0,,3.0,кг
АО_АПК_БЕЛИФФ_ГАЗ,Электроды,,5616.0,,4.0,кг
АО_АПК_БЕЛИФФ_ГАЗ,Электроды,,5616.0,,5.0,кг
АО_АПК_БЕЛИФФ_ГАЗ,Электроды,,1120.0,,3.0,кг
АО_АПК_БЕЛИФФ_ГАЗ,Электроды,,1120.0,,4.0,кг
АО_АПК_БЕЛИФФ_ГАЗ,Электроды,,1120.0,,5.0,кг
АО_АПК_БЕЛИФФ_ГАЗ,Электроды,,1586.0,,3.0,кг
АО_АПК_БЕЛИФФ_ГАЗ,Электроды,,1586.0,,4.0,кг
АО_АПК_БЕЛИФФ_ГАЗ,Электроды,,1586.0,,5.0,кг
АО_АПК_БЕЛИФФ_ГАЗ,Электроды,,8000.0,,3.0,кг
АО_АПК_БЕЛИФФ_ГАЗ,Электроды,,8000.0,,4.0,кг
АО_АПК_БЕЛИФФ_ГАЗ,Электроды,,8000.0,,5.0,кг
АО_АПК_БЕЛИФФ_ГАЗ,Электроды,,1612.0,,3.0,кг
АО_АПК_БЕЛИФФ_ГАЗ,Электроды,,1612.0,,4.0,кг
АО_АПК_БЕЛИФФ_ГАЗ,Электроды,,1612.0,,5.0,кг
АО_АПК_БЕЛИФФ_ГАЗ,Электроды,,2000.0,,3.0,кг
АО_АПК_БЕЛИФФ_ГАЗ,Электроды,,2000.0,,4.0,кг
АО_АПК_БЕЛИФФ_ГАЗ,Электроды,,2000.0,,5.0,кг
АО_АПК_БЕЛИФФ_ГАЗ,Электроды,,1200.0,,3.0,кг
АО_АПК_БЕЛИФФ_ГАЗ,Электроды,,1200.0,,4.0,кг
АО_АПК_БЕЛИФФ_ГАЗ,Электроды,,1200.0,,5.0,кг
АО_АПК_БЕЛИФФ_ГАЗ,Электроды,,1781.0,,2.0,кг
АО_АПК_БЕЛИФФ_ГАЗ,Электроды,,1618.0,,2.5,кг
АО_АПК_БЕЛИФФ_ГАЗ,Электроды,,900.0,,3.0,кг
АО_АПК_БЕЛИФФ_ГАЗ,Электроды,,900.0,,4.0,кг
АО_АПК_БЕЛИФФ_ГАЗ,Электроды,,900.0,,5.0,кг
АО_АПК_БЕЛИФФ_ГАЗ,Электроды,,1100.0,,3.0,кг
АО_АПК_БЕЛИФФ_ГАЗ,Электроды,,1100.0,,4.0,кг
АО_АПК_БЕЛИФФ_ГАЗ,Электроды,,1100.0,,5.0,кг
АО_АПК_БЕЛИФФ_ГАЗ,Электроды,,936.0,,2.0,кг
АО_АПК_БЕЛИФФ_ГАЗ,Электроды,,845.0,,2.5,кг
АО_АПК_БЕЛИФФ_ГАЗ,Электроды,,930.0,,3.0,кг
АО_АПК_БЕЛИФФ_ГАЗ,Электроды,,930.0,,4.0,кг
АО_АПК_БЕЛИФФ_ГАЗ,Электроды,,930.0,,5.0,кг
АО_АПК_БЕЛИФФ_ГАЗ,Электроды,,1521.0,,3.0,кг
АО_АПК_БЕЛИФФ_ГАЗ,Электроды,,1521.0,,4.0,кг
АО_АПК_БЕЛИФФ_ГАЗ,Электроды,,1521.0,,5.0,кг
АО_АПК_БЕЛИФФ_ГАЗ,Электроды,,1781.0,,3.0,кг
АО_АПК_БЕЛИФФ_ГАЗ,Электроды,,1781.0,,4.0,кг
АО_АПК_БЕЛИФФ_ГАЗ,Электроды,,1690.0,,3.0,кг
АО_АПК_БЕЛИФФ_ГАЗ,Электроды,,1690.0,,4.0,кг
АО_АПК_БЕЛИФФ_ГАЗ,Электроды,,1690.0,,5.0,кг
АО_АПК_БЕЛИФФ_ГАЗ,Электроды,,5876.0,,3.0,кг
АО_АПК_БЕЛИФФ_ГАЗ,Электроды,,5876.0,,4.0,кг
АО_АПК_БЕЛИФФ_ГАЗ,Электроды,,5876.0,,5.0,кг
АО_АПК_БЕЛИФФ_ГАЗ,Электроды,,1001.0,,3.0,кг
АО_АПК_БЕЛИФФ_ГАЗ,Электроды,,1001.0,,4.0,кг
АО_АПК_БЕЛИФФ_ГАЗ,Электроды,,832.0,,3.0,кг
АО_АПК_БЕЛИФФ_ГАЗ,Электроды,,832.0,,4.0,кг
АО_АПК_БЕЛИФФ_ГАЗ,Электроды,,832.0,,5.0,кг
АО_АПК_БЕЛИФФ_ГАЗ,Электроды,,1014.0,,2.5,кг
АО_АПК_БЕЛИФФ_ГАЗ,Электроды,,1100.0,,3.0,кг
АО_АПК_БЕЛИФФ_ГАЗ,Электроды,,1100.0,,4.0,кг
АО_АПК_БЕЛИФФ_ГАЗ,Электроды,,1100.0,,5.0,кг
АО_АПК_БЕЛИФФ_ГАЗ,Электроды,,1021.0,,2.5,кг
АО_АПК_БЕЛИФФ_ГАЗ,Электроды,,1500.0,,3.0,кг
АО_АПК_БЕЛИФФ_ГАЗ,Электроды,,1500.0,,4.0,кг
АО_АПК_БЕЛИФФ_ГАЗ,Электроды,,1500.0,,5.0,кг
АО_АПК_БЕЛИФФ_ГАЗ,Электроды,,1190.0,,2.5,кг
АО_АПК_БЕЛИФФ_ГАЗ,Электроды,,969.0,,3.0,кг
АО_АПК_БЕЛИФФ_ГАЗ,Электроды,,969.0,,4.0,кг
АО_АПК_БЕЛИФФ_ГАЗ,Электроды,,969.0,,5.0,кг
АО_АПК_БЕЛИФФ_ГАЗ,Электроды,,6600.0,,3.0,кг
АО_АПК_БЕЛИФФ_ГАЗ,Электроды,,6600.0,,4.0,кг
АО_АПК_БЕЛИФФ_ГАЗ,Электроды,,6600.0,,5.0,кг
АО_АПК_БЕЛИФФ_ГАЗ,Электроды,,,,2.0,кг
АО_АПК_БЕЛИФФ_ГАЗ,Электроды,,,,2.5,кг
АО_АПК_БЕЛИФФ_ГАЗ,Электроды,,2270.0,,3.0,кг
АО_АПК_БЕЛИФФ_ГАЗ,Электроды,,2270.0,,4.0,кг
АО_АПК_БЕЛИФФ_ГАЗ,Электроды,,2270.0,,5.0,кг
АО_АПК_БЕЛИФФ_ГАЗ,Электроды,,2210.0,,2.0,кг
АО_АПК_БЕЛИФФ_ГАЗ,Электроды,,1781.0,,2.5,кг
АО_АПК_БЕЛИФФ_ГАЗ,Электроды,,1150.0,,3.0,кг
АО_АПК_БЕЛИФФ_ГАЗ,Электроды,,1150.0,,4.0,кг
АО_АПК_БЕЛИФФ_ГАЗ,Электроды,,1150.0,,5.0,кг
АО_АПК_БЕЛИФФ_ГАЗ,Электроды,,1175.0,,3.0,кг
АО_АПК_БЕЛИФФ_ГАЗ,Электроды,,1175.0,,4.0,кг
АО_АПК_БЕЛИФФ_ГАЗ,Электроды,,1175.0,,5.0,кг
АО_АПК_БЕЛИФФ_ГАЗ,Электроды,,2370.0,,3.0,кг
АО_АПК_БЕЛИФФ_ГАЗ,Электроды,,2370.0,,4.0,кг
АО_АПК_БЕЛИФФ_ГАЗ,Электроды,,2370.0,,5.0,кг
АО_АПК_БЕЛИФФ_ГАЗ,Электроды,,1040.0,,3.0,кг
АО_АПК_БЕЛИФФ_ГАЗ,Электроды,,1040.0,,4.0,кг
АО_АПК_БЕЛИФФ_ГАЗ,Электроды,,1040.0,,5.0,кг
АО_АПК_БЕЛИФФ_ГАЗ,Электроды,,,,2.0,кг
АО_АПК_БЕЛИФФ_ГАЗ,Электроды,,,,2.5,кг
АО_АПК_БЕЛИФФ_ГАЗ,Электроды,,2400.0,,3.0,кг
АО_АПК_БЕЛИФФ_ГАЗ,Электроды,,2400.0,,4.0,кг
АО_АПК_БЕЛИФФ_ГАЗ,Электроды,,2400.0,,5.0,кг
АО_АПК_БЕЛИФФ_ГАЗ,Электроды,,995.0,,1.6,кг
АО_АПК_БЕЛИФФ_ГАЗ,Электроды,,1650.0,,2.0,кг
АО_АПК_БЕЛИФФ_ГАЗ,Электроды,,2200.0,,2.4,кг
АО_АПК_БЕЛИФФ_ГАЗ,Электроды,,1800.0,,3.0,кг
АО_АПК_БЕЛИФФ_ГАЗ,Электроды,,2100.0,,3.2,кг
АО_АПК_БЕЛИФФ_ГАЗ,Электроды,,995.0,,1.6,кг
АО_АПК_БЕЛИФФ_ГАЗ,Электроды,,1650.0,,2.0,кг
АО_АПК_БЕЛИФФ_ГАЗ,Электроды,,2200.0,,2.4,кг
АО_АПК_БЕЛИФФ_ГАЗ,Электроды,,1800.0,,3.0,кг
АО_АПК_БЕЛИФФ_ГАЗ,Электроды,,2100.0,,3.2,кг
АО_АПК_БЕЛИФФ_ГАЗ,Электроды,,995.0,,1.6,кг
АО_АПК_БЕЛИФФ_ГАЗ,Электроды,,1650.0,,2.0,кг
АО_АПК_БЕЛИФФ_ГАЗ,Электроды,,2200.0,,2.4,кг
АО_АПК_БЕЛИФФ_ГАЗ,Электроды,,1800.0,,3.0,кг
АО_АПК_БЕЛИФФ_ГАЗ,Электроды,,2100.0,,3.2,кг
АО_АПК_БЕЛИФФ_ГАЗ,Электроды,,995.0,,1.6,кг
АО_АПК_БЕЛИФФ_ГАЗ,Электроды,,1650.0,,2.0,кг
АО_АПК_БЕЛИФФ_ГАЗ,Электроды,,2200.0,,2.4,кг
АО_АПК_БЕЛИФФ_ГАЗ,Электроды,,2100.0,,3.2,кг
АО_АПК_БЕЛИФФ_ГАЗ,Электроды,,995.0,,1.6,кг
АО_АПК_БЕЛИФФ_ГАЗ,Электроды,,1650.0,,2.0,кг
АО_АПК_БЕЛИФФ_ГАЗ,Электроды,,2200.0,,2.4,кг
АО_АПК_БЕЛИФФ_ГАЗ,Электроды,,1800.0,,3.0,кг
АО_АПК_БЕЛИФФ_ГАЗ,Электроды,,2100.0,,3.2,кг
АО_АПК_БЕЛИФФ_ГАЗ,Электроды,,995.0,,1.6,кг
АО_АПК_БЕЛИФФ_ГАЗ,Электроды,,1650.0,,2.0,кг
АО_АПК_БЕЛИФФ_ГАЗ,Электроды,,2200.0,,2.4,кг
АО_АПК_БЕЛИФФ_ГАЗ,Электроды,,1800.0,,3.0,кг
АО_АПК_БЕЛИФФ_ГАЗ,Электроды,,2100.0,,3.2,кг
АО_АПК_БЕЛИФФ_ГАЗ,Проволока,,1200.0,,5,кг
АО_АПК_БЕЛИФФ_ГАЗ,Проволока,,,,15,кг
АО_АПК_БЕЛИФФ_ГАЗ,Проволока,,930.0,,5,кг
АО_АПК_БЕЛИФФ_ГАЗ,Проволока,,2505.0,,15,кг
АО_АПК_БЕЛИФФ_ГАЗ,Проволока,,870.0,,5,кг
АО_АПК_БЕЛИФФ_ГАЗ,Проволока,,2430.0,,15,кг
АО_АПК_БЕЛИФФ_ГАЗ,Проволока,,840.0,,5,кг
АО_АПК_БЕЛИФФ_ГАЗ,Проволока,,2295.0,,15,кг
АО_АПК_БЕЛИФФ_ГАЗ,Проволока,,48750.0,,250,кг
АО_АПК_БЕЛИФФ_ГАЗ,Проволока,,,,5,кг
АО_АПК_БЕЛИФФ_ГАЗ,Проволока,,2235.0,,15,кг
АО_АПК_БЕЛИФФ_ГАЗ,Проволока,,630.0,,1,кг
АО_АПК_БЕЛИФФ_ГАЗ,Проволока,,853.0,,1,кг
АО_АПК_БЕЛИФФ_ГАЗ,Проволока,,832.0,,1,кг
АО_АПК_БЕЛИФФ_ГАЗ,Проволока,,1067.0,,1,кг
АО_АПК_БЕЛИФФ_ГАЗ,Проволока,,1079.0,,1,кг
АО_АПК_БЕЛИФФ_ГАЗ,Проволока,,592.0,,1,кг
АО_АПК_БЕЛИФФ_ГАЗ,Проволока,,1558.0,,1,кг
АО_АПК_БЕЛИФФ_ГАЗ,Проволока,,1697.0,,1,кг
АО_АПК_БЕЛИФФ_ГАЗ,Проволока,,2054.0,,1,кг
АО_АПК_БЕЛИФФ_ГАЗ,Проволока,,462.0,,1,кг
АО_АПК_БЕЛИФФ_ГАЗ,Проволока,,487.0,,1,кг
АО_АПК_БЕЛИФФ_ГАЗ,Проволока,,386.0,,1,кг
АО_АПК_БЕЛИФФ_ГАЗ,Стальные пропановые баллоны,,9950.0,,79,литр
АО_АПК_БЕЛИФФ_ГАЗ,Стальные пропановые баллоны,,6490.0,,50,литр
АО_АПК_БЕЛИФФ_ГАЗ,Стальные пропановые баллоны,,6100.0,,46,литр
АО_АПК_БЕЛИФФ_ГАЗ,Стальные пропановые баллоны,,5500.0,,27,литр
АО_АПК_БЕЛИФФ_ГАЗ,Стальные пропановые баллоны,,4000.0,,12,литр
АО_АПК_БЕЛИФФ_ГАЗ,Стальные пропановые баллоны,,3120.0,,,
АО_АПК_БЕЛИФФ_ГАЗ,Стальные пропановые баллоны,,12300.0,,79,литр
АО_АПК_БЕЛИФФ_ГАЗ,Стальные пропановые баллоны,,7890.0,,50,литр
АО_АПК_БЕЛИФФ_ГАЗ,Стальные пропановые баллоны,,,,46,литр
АО_АПК_БЕЛИФФ_ГАЗ,Стальные пропановые баллоны,,6300.0,,27,литр
АО_АПК_БЕЛИФФ_ГАЗ,Стальные пропановые баллоны,,4500.0,,12,литр
АО_АПК_БЕЛИФФ_ГАЗ,Стальные пропановые баллоны,,3620.0,,,
АО_АПК_БЕЛИФФ_ГАЗ,Стальные пропановые баллоны,,10150.0,,79,литр
АО_АПК_БЕЛИФФ_ГАЗ,Стальные пропановые баллоны,,6790.0,,50,литр
АО_АПК_БЕЛИФФ_ГАЗ,Стальные пропановые баллоны,,6300.0,,46,литр
АО_АПК_БЕЛИФФ_ГАЗ,Стальные пропановые баллоны,,5700.0,,27,литр
АО_АПК_БЕЛИФФ_ГАЗ,Стальные пропановые баллоны,,4300.0,,12,литр
АО_АПК_БЕЛИФФ_ГАЗ,Стальные пропановые баллоны,,3350.0,,5,литр
АО_АПК_БЕЛИФФ_ГАЗ,Стальные пропановые баллоны,,12500.0,,79,литр
АО_АПК_БЕЛИФФ_ГАЗ,Стальные пропановые баллоны,,8190.0,,50,литр
АО_АПК_БЕЛИФФ_ГАЗ,Стальные пропановые баллоны,,,,46,литр
АО_АПК_БЕЛИФФ_ГАЗ,Стальные пропановые баллоны,,6500.0,,27,литр
АО_АПК_БЕЛИФФ_ГАЗ,Стальные пропановые баллоны,,4800.0,,12,литр
АО_АПК_БЕЛИФФ_ГАЗ,Стальные пропановые баллоны,,3850.0,,5,литр
АО_АПК_БЕЛИФФ_ГАЗ,Стальные пропановые баллоны,,9950.0,,79,литр
АО_АПК_БЕЛИФФ_ГАЗ,Стальные пропановые баллоны,,6490.0,,50,литр
АО_АПК_БЕЛИФФ_ГАЗ,Стальные пропановые баллоны,,6100.0,,46,литр
АО_АПК_БЕЛИФФ_ГАЗ,Стальные пропановые баллоны,,5500.0,,27,литр
АО_АПК_БЕЛИФФ_ГАЗ,Стальные пропановые баллоны,,4000.0,,12,литр
АО_АПК_БЕЛИФФ_ГАЗ,Стальные пропановые баллоны,,3120.0,,,
АО_АПК_БЕЛИФФ_ГАЗ,Стальные пропановые баллоны,,12300.0,,79,литр
АО_АПК_БЕЛИФФ_ГАЗ,Стальные пропановые баллоны,,7890.0,,50,литр
АО_АПК_БЕЛИФФ_ГАЗ,Стальные пропановые баллоны,,,,46,литр
АО_АПК_БЕЛИФФ_ГАЗ,Стальные пропановые баллоны,,6300.0,,27,литр
АО_АПК_БЕЛИФФ_ГАЗ,Стальные пропановые баллоны,,4500.0,,12,литр
АО_АПК_БЕЛИФФ_ГАЗ,Стальные пропановые баллоны,,3620.0,,,
АО_АПК_БЕЛИФФ_ГАЗ,Стальные пропановые баллоны,,10150.0,,79,литр
АО_АПК_БЕЛИФФ_ГАЗ,Стальные пропановые баллоны,,6790.0,,50,литр
АО_АПК_БЕЛИФФ_ГАЗ,Стальные пропановые баллоны,,6300.0,,46,литр
АО_АПК_БЕЛИФФ_ГАЗ,Стальные пропановые баллоны,,5700.0,,27,литр
АО_АПК_БЕЛИФФ_ГАЗ,Стальные пропановые баллоны,,4300.0,,12,литр
АО_АПК_БЕЛИФФ_ГАЗ,Стальные пропановые баллоны,,3350.0,,5,литр
АО_АПК_БЕЛИФФ_ГАЗ,Стальные пропановые баллоны,,12500.0,,79,литр
АО_АПК_БЕЛИФФ_ГАЗ,Стальные пропановые баллоны,,8190.0,,50,литр
АО_АПК_БЕЛИФФ_ГАЗ,Стальные пропановые баллоны,,,,46,литр
АО_АПК_БЕЛИФФ_ГАЗ,Стальные пропановые баллоны,,6500.0,,27,литр
АО_АПК_БЕЛИФФ_ГАЗ,Стальные пропановые баллоны,,4800.0,,12,литр
АО_АПК_БЕЛИФФ_ГАЗ,Стальные пропановые баллоны,,3850.0,,5,литр
АО_АПК_БЕЛИФФ_ГАЗ,Газификаторы горизонтального типа,,639000.0,,495,литр
АО_АПК_БЕЛИФФ_ГАЗ,Газификаторы горизонтального типа,,689000.0,,495,литр
АО_АПК_БЕЛИФФ_ГАЗ,Газификаторы горизонтального типа,,749000.0,,495,литр
АО_АПК_БЕЛИФФ_ГАЗ,Газификаторы горизонтального типа,,804000.0,,495,литр
АО_АПК_БЕЛИФФ_ГАЗ,Газификаторы горизонтального типа,,684000.0,,495,литр
АО_АПК_БЕЛИФФ_ГАЗ,Газификаторы горизонтального типа,,734000.0,,495,литр
АО_АПК_БЕЛИФФ_ГАЗ,Газификаторы горизонтального типа,,794000.0,,495,литр
АО_АПК_БЕЛИФФ_ГАЗ,Газификаторы горизонтального типа,,849000.0,,495,литр
АО_АПК_БЕЛИФФ_ГАЗ,Газификаторы горизонтального типа,,1439000.0,,990,литр
АО_АПК_БЕЛИФФ_ГАЗ,Газификаторы горизонтального типа,,1475000.0,,990,литр
АО_АПК_БЕЛИФФ_ГАЗ,Газификаторы горизонтального типа,,1535000.0,,990,литр
АО_АПК_БЕЛИФФ_ГАЗ,Газификаторы горизонтального типа,,1631000.0,,990,литр
АО_АПК_БЕЛИФФ_ГАЗ,Газификаторы горизонтального типа,,1667000.0,,990,литр
АО_АПК_БЕЛИФФ_ГАЗ,Газификаторы горизонтального типа,,1751000.0,,990,литр
АО_АПК_БЕЛИФФ_ГАЗ,Газификаторы горизонтального типа,,2039000.0,,1485,литр
АО_АПК_БЕЛИФФ_ГАЗ,Газификаторы горизонтального типа,,2099000.0,,1485,литр
АО_АПК_БЕЛИФФ_ГАЗ,Газификаторы горизонтального типа,,2219000.0,,1485,литр
АО_АПК_БЕЛИФФ_ГАЗ,Газификаторы горизонтального типа,,2327000.0,,1485,литр
АО_АПК_БЕЛИФФ_ГАЗ,Газификаторы горизонтального типа,,2387000.0,,1485,литр
АО_АПК_БЕЛИФФ_ГАЗ,Газификаторы горизонтального типа,,2507000.0,,1485,литр
АО_АПК_БЕЛИФФ_ГАЗ,Газификаторы горизонтального типа,,2639000.0,,1980,литр
АО_АПК_БЕЛИФФ_ГАЗ,Газификаторы горизонтального типа,,2699000.0,,1980,литр
АО_АПК_БЕЛИФФ_ГАЗ,Газификаторы горизонтального типа,,2819000.0,,1980,литр
АО_АПК_БЕЛИФФ_ГАЗ,Газификаторы горизонтального типа,,2927000.0,,1980,литр
АО_АПК_БЕЛИФФ_ГАЗ,Газификаторы горизонтального типа,,2987000.0,,1980,литр
АО_АПК_БЕЛИФФ_ГАЗ,Газификаторы горизонтального типа,,3107000.0,,1980,литр
АО_АПК_БЕЛИФФ_ГАЗ,Газификаторы вертикального типа,,758000.0,,450,литр
АО_АПК_БЕЛИФФ_ГАЗ,Газификаторы вертикального типа,,815000.0,,450,литр
АО_АПК_БЕЛИФФ_ГАЗ,Газификаторы вертикального типа,,888000.0,,450,литр
АО_АПК_БЕЛИФФ_ГАЗ,Газификаторы вертикального типа,,286000.0,,196,литр
АО_АПК_БЕЛИФФ_ГАЗ,Газификаторы вертикального типа,,299000.0,,196,литр
АО_АПК_БЕЛИФФ_ГАЗ,Газификаторы вертикального типа,,332000.0,,210,литр
АО_АПК_БЕЛИФФ_ГАЗ,Газификаторы вертикального типа,,355000.0,,210,литр
